GameID,Season,Week,Week,Timeslot,Home Team,Away Team,Conference Game,Conference Tournament,Playoff,National Champ,Listed Coach,Other Coach,Arena,City,State,GameTitle,Info
1,2025,1A,1,A,AIC,QUIN,0,0,0,0,Dr_Novella,AI,MassMutual Center,Springfield,MA,,
2,2025,1A,1,A,ARMY,RPI,0,0,0,0,AI,AI,Tate Rink,West Point,NY,,
3,2025,1A,1,A,BRWN,BC,0,0,0,0,AI,nemolee.exe,Meehan Auditorium,Providence,RI,,
4,2025,1A,1,A,BSU,STCL,0,0,0,0,SageBow,AI,Sanford Center,Bemidji,MN,,
5,2025,1A,1,A,BU,MRCY,0,0,0,0,jmjacobs,The Liberator,Agganis Arena,Boston,MA,,
6,2025,1A,1,A,CANI,ME,0,0,0,0,AI,AI,LECOM Harborcenter,Buffalo,NY,,
7,2025,1A,1,A,CC,COR,0,0,0,0,AI,Coach123,Ed Robson Arena,Colorado Springs,CO,,
8,2025,1A,1,A,CLRK,BENT,0,0,0,0,Paradoxic,AI,Cheel Arena,Potsdam,NY,,
9,2025,1A,1,A,DART,BING,0,0,0,0,AI,AI,Thompson Arena,Hanover,NH,,
10,2025,1A,1,A,DU,ND,0,0,0,0,Ricky Campbell,Zesco,Magness Rena,Denver,CO,,
11,2025,1A,1,A,FRST,UML,0,0,0,0,AI,AI,Ewigleben Arena,Big Rapids,MI,,
12,2025,1A,1,A,HARV,MICH,0,0,0,0,AI,Spoof,Bright-Landry Hockey Center,Cambridge,MA,,
13,2025,1A,1,A,HC,ASU,0,0,0,0,JC.,Groot,Hart Center,Worcester,MA,,
14,2025,1A,1,A,LIU,USAF,0,0,0,0,Subsequent,AI,Islanders Iceworks,Brooklyn,NY,,
15,2025,1A,1,A,MASS,BGSU,0,0,0,0,AI,PoopyRhinoPickle,Mullins Center,Amherst,MA,,
16,2025,1A,1,A,MINN,CONN,0,0,0,0,CoachCartier,AI,Mariucci Arena,Minneapolis,MN,,
17,2025,1A,1,A,MINOT,SFU,0,0,0,0,AI,AI,Maysa Arena,Minot,ND,,
18,2025,1A,1,A,MND,COLG,0,0,0,0,TuscanSota,kgreene,AMSOIL Arena,Duluth,MN,,
19,2025,1A,1,A,MSU,LSS,0,0,0,0,AI,AI,Munn Ice Arena,East Lansing,MI,,
20,2025,1A,1,A,MTU,MIAO,0,0,0,0,AI,AI,MacInnes Student Ice Arena,Houghton,MI,,
21,2025,1A,1,A,NMU,LIND,0,0,0,0,AI,AI,Berry Events Center,Marquette,MI,,
22,2025,1A,1,A,NU,TNST,0,0,0,0,AI,AI,Dwyer Arena,Lewiston,NY,,
23,2025,1A,1,A,OSU,RIT,0,0,0,0,AI,AI,Value City Arena,Columbus,OH,,
24,2025,1A,1,A,PNST,WVU,0,0,0,0,Rocketcan,AI,Pegula Ice Arena,State College,PA,,
25,2025,1A,1,A,PROV,SHU,0,0,0,0,AI,AI,Schneider Arena,Providence,RI,,
26,2025,1A,1,A,STL,UAH,0,0,0,0,AI,AI,Appleton Arena,Canton,NY,,
27,2025,1A,1,A,STON,MRMK,0,0,0,0,AI,AI,Bridgewater Ice Arena,Easton,MA,,
28,2025,1A,1,A,UAF,UAA,0,0,0,0,Acewulf,Kirby,Carlson Center,Fairbanks,AK,,
29,2025,1A,1,A,UND,AGUS,0,0,0,0,taffyowner,ObliviousLAX,Ralph Engelstad Arena,Grand Forks,ND,,
30,2025,1A,1,A,UNION,MNSU,0,0,0,0,AI,AI,Achilles Rink,Schenectady,NY,,
31,2025,1A,1,A,UNLV,NE,0,0,0,0,AI,AI,City National Arena,Las Vegas,NV,,
32,2025,1A,1,A,UNO,UNH,0,0,0,0,Alexfall,AI,Baxter Arena,Omaha,NE,,
33,2025,1A,1,A,VT,PRIN,0,0,0,0,KWheeler,AI,Gutterson Fieldhouse,Burlington,VT,,
34,2025,1A,1,A,WISC,STMN,0,0,0,0,Bundy,AI,Kohl Center,Madison,WI,,
35,2025,1A,1,A,WMU,RMU,0,0,0,0,Jieret,smackemz ,Lawson Arena,Kalamazoo,MI,,
36,2025,1A,1,A,YALE,OLAF,0,0,0,0,AI,AI,Ingalls Rink,New Haven,CT,,
37,2025,1B,1,B,AGUS,UND,0,0,0,0,ObliviousLAX,taffyowner,Midco Arena,Sioux Falls,SD,,
38,2025,1B,1,B,BC,ASU,0,0,0,0,nemolee.exe,Groot,Conte Forum,Chestnut Hill,MA,,
39,2025,1B,1,B,BENT,CLRK,0,0,0,0,AI,Paradoxic,Bentley Arena,Waltham,MA,,
40,2025,1B,1,B,BGSU,MASS,0,0,0,0,PoopyRhinoPickle,AI,Slater Family Ice Arena,Bowling Green,OH,,
41,2025,1B,1,B,BING,DART,0,0,0,0,AI,AI,Visions Veterans Memorial Arena,Binghamton,NY,,
42,2025,1B,1,B,BSU,UAF,0,0,0,0,SageBow,Acewulf,Sanford Center,Bemidji,MN,,
43,2025,1B,1,B,COLG,MND,0,0,0,0,kgreene,TuscanSota,Class of 1965 Arena,Colgate,NY,,
44,2025,1B,1,B,CONN,MINN,0,0,0,0,AI,CoachCartier,Toscano Family Ice Forum,Storrs,CT,,
45,2025,1B,1,B,COR,CC,0,0,0,0,Coach123,AI,Lynah Rink,Ithaca,NY,,
46,2025,1B,1,B,LIND,NMU,0,0,0,0,AI,AI,Centene Community Ice Center,St. Charles,MO,,
47,2025,1B,1,B,LSS,MSU,0,0,0,0,AI,AI,Taffy Abel Arena,Sault Ste. Marie,MI,,
48,2025,1B,1,B,ME,CANI,0,0,0,0,AI,AI,Harold Alfond Sports Arena,Orono,ME,,
49,2025,1B,1,B,MIAO,OSU,0,0,0,0,AI,AI,Goggin Ice Center,Oxford,OH,,
50,2025,1B,1,B,MICH,HARV,0,0,0,0,Spoof,AI,Yost Ice Arena,Ann Arbor,MI,,
51,2025,1B,1,B,MNSU,UNION,0,0,0,0,AI,AI,Mayo Clinic Health System Event Center,Mankato,MN,,
52,2025,1B,1,B,MRCY,BU,0,0,0,0,The Liberator,jmjacobs,Mercyhurst Ice Center,Erie,PA,,
53,2025,1B,1,B,MRMK,STON,0,0,0,0,AI,AI,J. Thom Lawler Rink,North Andover,MA,,
54,2025,1B,1,B,ND,DU,0,0,0,0,Zesco,Ricky Campbell,Compton Family Ice Arena,South Bend,IN,,
55,2025,1B,1,B,NE,STCL,0,0,0,0,AI,AI,Matthews Arena,Boston,MA,,
56,2025,1B,1,B,NU,LIU,0,0,0,0,AI,Subsequent,Dwyer Arena,Lewiston,NY,,
57,2025,1B,1,B,OLAF,YALE,0,0,0,0,AI,AI,Skoglund Athletic Center,Northfield,MN,,
58,2025,1B,1,B,PRIN,VT,0,0,0,0,AI,KWheeler,Hobey Baker Memorial Rink,Princeton,NJ,,
59,2025,1B,1,B,QUIN,AIC,0,0,0,0,AI,Dr_Novella,M&T Bank Arena,Hamden,CT,,
60,2025,1B,1,B,RIT,UNLV,0,0,0,0,AI,AI,Gene Polisseni Center,Rochester,NY,,
61,2025,1B,1,B,RMU,WMU,0,0,0,0,smackemz ,Jieret,Clearview Arena,Moon Township,PA,,
62,2025,1B,1,B,RPI,ARMY,0,0,0,0,AI,AI,Houston Field House,Troy,NY,,
63,2025,1B,1,B,SFU,MINOT,0,0,0,0,AI,AI,Bill Copeland Sports Centre,Vancouver,BC,,
64,2025,1B,1,B,SHU,PROV,0,0,0,0,AI,AI,Martire Family Arena,Fairfield,CT,,
65,2025,1B,1,B,STMN,WISC,0,0,0,0,AI,Bundy,Lee and Penny Anderson Arena,Saint Paul,MN,,
66,2025,1B,1,B,TNST,MTU,0,0,0,0,AI,AI,Gentry Center,Nashville,TN,,
67,2025,1B,1,B,UAA,HC,0,0,0,0,Kirby,JC.,Sullivan Arena,Anchorage,AK,,
68,2025,1B,1,B,UAH,STL,0,0,0,0,AI,AI,Von Braun Center,Huntsville,AL,,
69,2025,1B,1,B,UML,FRST,0,0,0,0,AI,AI,Tsongas Center,Lowell,MA,,
70,2025,1B,1,B,UNH,UNO,0,0,0,0,AI,Alexfall,Whittemore Center,Durham,NH,,
71,2025,1B,1,B,USAF,BRWN,0,0,0,0,AI,AI,Cadet Ice Arena,Colorado Springs,CO,,
72,2025,1B,1,B,WVU,PNST,0,0,0,0,AI,Rocketcan,Wesbanco Arena,Morgantown,WV,,
73,2025,10A,10,A,AGUS,STMN,1,0,0,0,ObliviousLAX,AI,Midco Arena,Sioux Falls,SD,,
74,2025,10A,10,A,ARMY,AIC,1,0,0,0,AI,Dr_Novella,Tate Rink,West Point,NY,,
75,2025,10A,10,A,ASU,WMU,1,0,0,0,Groot,Jieret,Mullett Arena,Tempe,AZ,,
76,2025,10A,10,A,BC,VT,1,0,0,0,nemolee.exe,KWheeler,Conte Forum,Chestnut Hill,MA,,
77,2025,10A,10,A,BGSU,MTU,1,0,0,0,PoopyRhinoPickle,AI,Slater Family Ice Arena,Bowling Green,OH,,
78,2025,10A,10,A,BING,OLAF,0,0,0,0,AI,AI,Visions Veterans Memorial Arena,Binghamton,NY,,
79,2025,10A,10,A,BRWN,HARV,1,0,0,0,AI,AI,Meehan Auditorium,Providence,RI,,
80,2025,10A,10,A,BSU,MNSU,1,0,0,0,SageBow,AI,Sanford Center,Bemidji,MN,,
81,2025,10A,10,A,CC,UNO,1,0,0,0,AI,Alexfall,Ed Robson Arena,Colorado Springs,CO,,
82,2025,10A,10,A,CONN,MRMK,1,0,0,0,AI,AI,Toscano Family Ice Forum,Storrs,CT,,
83,2025,10A,10,A,DU,UND,1,0,0,0,Ricky Campbell,taffyowner,Magness Rena,Denver,CO,,
84,2025,10A,10,A,FRST,LSS,1,0,0,0,AI,AI,Ewigleben Arena,Big Rapids,MI,,
85,2025,10A,10,A,LIND,NMU,0,0,0,0,AI,AI,Centene Community Ice Center,St. Charles,MO,,
86,2025,10A,10,A,MASS,LIU,0,0,0,0,AI,Subsequent,Mullins Center,Amherst,MA,,
87,2025,10A,10,A,MIAO,MND,1,0,0,0,AI,TuscanSota,Goggin Ice Center,Oxford,OH,,
88,2025,10A,10,A,MINN,MSU,1,0,0,0,CoachCartier,AI,Mariucci Arena,Minneapolis,MN,,
89,2025,10A,10,A,ND,MICH,1,0,0,0,Zesco,Spoof,Compton Family Ice Arena,South Bend,IN,,
90,2025,10A,10,A,NE,ME,1,0,0,0,AI,AI,Matthews Arena,Boston,MA,,
91,2025,10A,10,A,NU,BENT,1,0,0,0,AI,AI,Dwyer Arena,Lewiston,NY,,
92,2025,10A,10,A,OSU,WISC,1,0,0,0,AI,Bundy,Value City Arena,Columbus,OH,,
93,2025,10A,10,A,PNST,UAF,0,0,0,0,Rocketcan,Acewulf,Pegula Ice Arena,State College,PA,,
94,2025,10A,10,A,PRIN,DART,1,0,0,0,AI,AI,Hobey Baker Memorial Rink,Princeton,NJ,,
95,2025,10A,10,A,PROV,UNH,1,0,0,0,AI,AI,Schneider Arena,Providence,RI,,
96,2025,10A,10,A,QUIN,COR,1,0,0,0,AI,Coach123,M&T Bank Arena,Hamden,CT,,
97,2025,10A,10,A,RMU,CANI,1,0,0,0,smackemz ,AI,Clearview Arena,Moon Township,PA,,
98,2025,10A,10,A,RPI,COLG,1,0,0,0,AI,kgreene,Houston Field House,Troy,NY,,
99,2025,10A,10,A,SFU,TNST,0,0,0,0,AI,AI,Bill Copeland Sports Centre,Vancouver,BC,,
100,2025,10A,10,A,SHU,HC,1,0,0,0,AI,JC.,Martire Family Arena,Fairfield,CT,,
101,2025,10A,10,A,STCL,RIT,0,0,0,0,AI,AI,Herb Brooks National Hockey Center,St. Cloud,MN,,
102,2025,10A,10,A,STL,CLRK,1,0,0,0,AI,Paradoxic,Appleton Arena,Canton,NY,,
103,2025,10A,10,A,STON,UAA,0,0,0,0,AI,Kirby,Bridgewater Ice Arena,Easton,MA,,
104,2025,10A,10,A,UAH,MINOT,0,0,0,0,AI,AI,Von Braun Center,Huntsville,AL,,
105,2025,10A,10,A,UML,BU,1,0,0,0,AI,jmjacobs,Tsongas Center,Lowell,MA,,
106,2025,10A,10,A,UNION,YALE,1,0,0,0,AI,AI,Achilles Rink,Schenectady,NY,,
107,2025,10A,10,A,UNLV,WVU,0,0,0,0,AI,AI,City National Arena,Las Vegas,NV,,
108,2025,10A,10,A,USAF,MRCY,1,0,0,0,AI,The Liberator,Cadet Ice Arena,Colorado Springs,CO,,
109,2025,10B,10,B,ARMY,NU,1,0,0,0,AI,AI,Tate Rink,West Point,NY,,
110,2025,10B,10,B,BU,BC,1,0,0,0,jmjacobs,nemolee.exe,Agganis Arena,Boston,MA,,
111,2025,10B,10,B,CANI,MRCY,1,0,0,0,AI,The Liberator,LECOM Harborcenter,Buffalo,NY,,
112,2025,10B,10,B,CLRK,QUIN,1,0,0,0,Paradoxic,AI,Cheel Arena,Potsdam,NY,,
113,2025,10B,10,B,COLG,PRIN,1,0,0,0,kgreene,AI,Class of 1965 Arena,Colgate,NY,,
114,2025,10B,10,B,COR,HARV,1,0,0,0,Coach123,AI,Lynah Rink,Ithaca,NY,,
115,2025,10B,10,B,DART,BRWN,1,0,0,0,AI,AI,Thompson Arena,Hanover,NH,,
116,2025,10B,10,B,FRST,BGSU,1,0,0,0,AI,PoopyRhinoPickle,Ewigleben Arena,Big Rapids,MI,,
117,2025,10B,10,B,HC,RMU,1,0,0,0,JC.,smackemz ,Hart Center,Worcester,MA,,
118,2025,10B,10,B,LIND,MTU,0,0,0,0,AI,AI,Centene Community Ice Center,St. Charles,MO,,
119,2025,10B,10,B,LIU,UAF,0,0,0,0,Subsequent,Acewulf,Islanders Iceworks,Brooklyn,NY,,
120,2025,10B,10,B,LSS,BSU,1,0,0,0,AI,SageBow,Taffy Abel Arena,Sault Ste. Marie,MI,,
121,2025,10B,10,B,MASS,UNH,1,0,0,0,AI,AI,Mullins Center,Amherst,MA,,
122,2025,10B,10,B,ME,CONN,1,0,0,0,AI,AI,Harold Alfond Sports Arena,Orono,ME,,
123,2025,10B,10,B,MIAO,DU,1,0,0,0,AI,Ricky Campbell,Goggin Ice Center,Oxford,OH,,
124,2025,10B,10,B,MICH,OSU,1,0,0,0,Spoof,AI,Yost Ice Arena,Ann Arbor,MI,,
125,2025,10B,10,B,MINOT,UAH,0,0,0,0,AI,AI,Maysa Arena,Minot,ND,,
126,2025,10B,10,B,MND,CC,1,0,0,0,TuscanSota,AI,AMSOIL Arena,Duluth,MN,,
127,2025,10B,10,B,MNSU,STMN,1,0,0,0,AI,AI,Mayo Clinic Health System Event Center,Mankato,MN,,
128,2025,10B,10,B,MRMK,PROV,1,0,0,0,AI,AI,J. Thom Lawler Rink,North Andover,MA,,
129,2025,10B,10,B,MSU,ND,1,0,0,0,AI,Zesco,Munn Ice Arena,East Lansing,MI,,
130,2025,10B,10,B,NE,VT,1,0,0,0,AI,KWheeler,Matthews Arena,Boston,MA,,
131,2025,10B,10,B,NMU,AGUS,1,0,0,0,AI,ObliviousLAX,Berry Events Center,Marquette,MI,,
132,2025,10B,10,B,OLAF,BING,0,0,0,0,AI,AI,Skoglund Athletic Center,Northfield,MN,,
133,2025,10B,10,B,RIT,AIC,1,0,0,0,AI,Dr_Novella,Gene Polisseni Center,Rochester,NY,,
134,2025,10B,10,B,STCL,ASU,1,0,0,0,AI,Groot,Herb Brooks National Hockey Center,St. Cloud,MN,,
135,2025,10B,10,B,TNST,SFU,0,0,0,0,AI,AI,Gentry Center,Nashville,TN,,
136,2025,10B,10,B,UAA,STON,0,0,0,0,Kirby,AI,Sullivan Arena,Anchorage,AK,,
137,2025,10B,10,B,UML,MINN,0,0,0,0,AI,CoachCartier,Tsongas Center,Lowell,MA,,
138,2025,10B,10,B,UND,SHU,0,0,0,0,taffyowner,AI,Ralph Engelstad Arena,Grand Forks,ND,,
139,2025,10B,10,B,UNION,STL,1,0,0,0,AI,AI,Achilles Rink,Schenectady,NY,,
140,2025,10B,10,B,UNO,WMU,1,0,0,0,Alexfall,Jieret,Baxter Arena,Omaha,NE,,
141,2025,10B,10,B,USAF,BENT,1,0,0,0,AI,AI,Cadet Ice Arena,Colorado Springs,CO,,
142,2025,10B,10,B,WISC,PNST,1,0,0,0,Bundy,Rocketcan,Kohl Center,Madison,WI,,
143,2025,10B,10,B,WVU,UNLV,0,0,0,0,AI,AI,Wesbanco Arena,Morgantown,WV,,
144,2025,10B,10,B,YALE,RPI,1,0,0,0,AI,AI,Ingalls Rink,New Haven,CT,,
145,2025,11A,11,A,AGUS,MNSU,1,0,0,0,ObliviousLAX,AI,Midco Arena,Sioux Falls,SD,,
146,2025,11A,11,A,ASU,UNO,1,0,0,0,Groot,Alexfall,Mullett Arena,Tempe,AZ,,
147,2025,11A,11,A,BC,MRMK,1,0,0,0,nemolee.exe,AI,Conte Forum,Chestnut Hill,MA,,
148,2025,11A,11,A,BENT,RMU,1,0,0,0,AI,smackemz ,Bentley Arena,Waltham,MA,,
149,2025,11A,11,A,BING,MINOT,0,0,0,0,AI,AI,Visions Veterans Memorial Arena,Binghamton,NY,,
150,2025,11A,11,A,BRWN,COR,1,0,0,0,AI,Coach123,Meehan Auditorium,Providence,RI,,
151,2025,11A,11,A,BSU,BGSU,1,0,0,0,SageBow,PoopyRhinoPickle,Sanford Center,Bemidji,MN,,
152,2025,11A,11,A,CANI,HC,1,0,0,0,AI,JC.,LECOM Harborcenter,Buffalo,NY,,
153,2025,11A,11,A,CC,DU,1,0,0,0,AI,Ricky Campbell,Ed Robson Arena,Colorado Springs,CO,,
154,2025,11A,11,A,CONN,BU,1,0,0,0,AI,jmjacobs,Toscano Family Ice Forum,Storrs,CT,,
155,2025,11A,11,A,DART,COLG,1,0,0,0,AI,kgreene,Thompson Arena,Hanover,NH,,
156,2025,11A,11,A,FRST,UAA,0,0,0,0,AI,Kirby,Ewigleben Arena,Big Rapids,MI,,
157,2025,11A,11,A,HARV,CLRK,1,0,0,0,AI,Paradoxic,Bright-Landry Hockey Center,Cambridge,MA,,
158,2025,11A,11,A,MIAO,AIC,0,0,0,0,AI,Dr_Novella,Goggin Ice Center,Oxford,OH,,
159,2025,11A,11,A,MRCY,ARMY,1,0,0,0,The Liberator,AI,Mercyhurst Ice Center,Erie,PA,,
160,2025,11A,11,A,ND,MINN,1,0,0,0,Zesco,CoachCartier,Compton Family Ice Arena,South Bend,IN,,
161,2025,11A,11,A,NE,MASS,1,0,0,0,AI,AI,Matthews Arena,Boston,MA,,
162,2025,11A,11,A,NMU,MTU,1,0,0,0,AI,AI,Berry Events Center,Marquette,MI,,
163,2025,11A,11,A,NU,USAF,1,0,0,0,AI,AI,Dwyer Arena,Lewiston,NY,,
164,2025,11A,11,A,OSU,MSU,1,0,0,0,AI,AI,Value City Arena,Columbus,OH,,
165,2025,11A,11,A,PNST,MICH,1,0,0,0,Rocketcan,Spoof,Pegula Ice Arena,State College,PA,,
166,2025,11A,11,A,PRIN,YALE,1,0,0,0,AI,AI,Hobey Baker Memorial Rink,Princeton,NJ,,
167,2025,11A,11,A,PROV,LIND,0,0,0,0,AI,AI,Schneider Arena,Providence,RI,,
168,2025,11A,11,A,QUIN,UNION,1,0,0,0,AI,AI,M&T Bank Arena,Hamden,CT,,
169,2025,11A,11,A,RPI,STL,1,0,0,0,AI,AI,Houston Field House,Troy,NY,,
170,2025,11A,11,A,SFU,UNLV,0,0,0,0,AI,AI,Bill Copeland Sports Centre,Vancouver,BC,,
171,2025,11A,11,A,SHU,RIT,1,0,0,0,AI,AI,Martire Family Arena,Fairfield,CT,,
172,2025,11A,11,A,STCL,UND,1,0,0,0,AI,taffyowner,Herb Brooks National Hockey Center,St. Cloud,MN,,
173,2025,11A,11,A,STMN,LSS,1,0,0,0,AI,AI,Lee and Penny Anderson Arena,Saint Paul,MN,,
174,2025,11A,11,A,STON,OLAF,0,0,0,0,AI,AI,Bridgewater Ice Arena,Easton,MA,,
175,2025,11A,11,A,TNST,LIU,0,0,0,0,AI,Subsequent,Gentry Center,Nashville,TN,,
176,2025,11A,11,A,UNH,ME,1,0,0,0,AI,AI,Whittemore Center,Durham,NH,,
177,2025,11A,11,A,VT,UML,1,0,0,0,KWheeler,AI,Gutterson Fieldhouse,Burlington,VT,,
178,2025,11A,11,A,WISC,UAF,0,0,0,0,Bundy,Acewulf,Kohl Center,Madison,WI,,
179,2025,11A,11,A,WMU,MND,1,0,0,0,Jieret,TuscanSota,Lawson Arena,Kalamazoo,MI,,
180,2025,11A,11,A,WVU,UAH,0,0,0,0,AI,AI,Wesbanco Arena,Morgantown,WV,,
181,2025,11B,11,B,AIC,BENT,1,0,0,0,Dr_Novella,AI,MassMutual Center,Springfield,MA,,
182,2025,11B,11,B,ARMY,RIT,1,0,0,0,AI,AI,Tate Rink,West Point,NY,,
183,2025,11B,11,B,BC,ME,1,0,0,0,nemolee.exe,AI,Conte Forum,Chestnut Hill,MA,,
184,2025,11B,11,B,BGSU,STMN,1,0,0,0,PoopyRhinoPickle,AI,Slater Family Ice Arena,Bowling Green,OH,,
185,2025,11B,11,B,CANI,CC,0,0,0,0,AI,AI,LECOM Harborcenter,Buffalo,NY,,
186,2025,11B,11,B,CLRK,COR,1,0,0,0,Paradoxic,Coach123,Cheel Arena,Potsdam,NY,,
187,2025,11B,11,B,COLG,BRWN,1,0,0,0,kgreene,AI,Class of 1965 Arena,Colgate,NY,,
188,2025,11B,11,B,CONN,UNH,1,0,0,0,AI,AI,Toscano Family Ice Forum,Storrs,CT,,
189,2025,11B,11,B,DU,WMU,1,0,0,0,Ricky Campbell,Jieret,Magness Rena,Denver,CO,,
190,2025,11B,11,B,FRST,NMU,1,0,0,0,AI,AI,Ewigleben Arena,Big Rapids,MI,,
191,2025,11B,11,B,LSS,MNSU,1,0,0,0,AI,AI,Taffy Abel Arena,Sault Ste. Marie,MI,,
192,2025,11B,11,B,MASS,MRMK,1,0,0,0,AI,AI,Mullins Center,Amherst,MA,,
193,2025,11B,11,B,MIAO,STCL,1,0,0,0,AI,AI,Goggin Ice Center,Oxford,OH,,
194,2025,11B,11,B,MICH,WISC,1,0,0,0,Spoof,Bundy,Yost Ice Arena,Ann Arbor,MI,,
195,2025,11B,11,B,MINN,OSU,1,0,0,0,CoachCartier,AI,Mariucci Arena,Minneapolis,MN,,
196,2025,11B,11,B,MINOT,BING,0,0,0,0,AI,AI,Maysa Arena,Minot,ND,,
197,2025,11B,11,B,MND,UNO,1,0,0,0,TuscanSota,Alexfall,AMSOIL Arena,Duluth,MN,,
198,2025,11B,11,B,MRCY,HC,1,0,0,0,The Liberator,JC.,Mercyhurst Ice Center,Erie,PA,,
199,2025,11B,11,B,MSU,PNST,1,0,0,0,AI,Rocketcan,Munn Ice Arena,East Lansing,MI,,
200,2025,11B,11,B,MTU,AGUS,1,0,0,0,AI,ObliviousLAX,MacInnes Student Ice Arena,Houghton,MI,,
201,2025,11B,11,B,NU,SHU,1,0,0,0,AI,AI,Dwyer Arena,Lewiston,NY,,
202,2025,11B,11,B,OLAF,TNST,0,0,0,0,AI,AI,Skoglund Athletic Center,Northfield,MN,,
203,2025,11B,11,B,PROV,BU,1,0,0,0,AI,jmjacobs,Schneider Arena,Providence,RI,,
204,2025,11B,11,B,RPI,QUIN,1,0,0,0,AI,AI,Houston Field House,Troy,NY,,
205,2025,11B,11,B,STL,PRIN,1,0,0,0,AI,AI,Appleton Arena,Canton,NY,,
206,2025,11B,11,B,STON,ND,0,0,0,0,AI,Zesco,Bridgewater Ice Arena,Easton,MA,,
207,2025,11B,11,B,UAA,LIND,0,0,0,0,Kirby,AI,Sullivan Arena,Anchorage,AK,,
208,2025,11B,11,B,UAF,BSU,0,0,0,0,Acewulf,SageBow,Carlson Center,Fairbanks,AK,,
209,2025,11B,11,B,UAH,WVU,0,0,0,0,AI,AI,Von Braun Center,Huntsville,AL,,
210,2025,11B,11,B,UML,NE,1,0,0,0,AI,AI,Tsongas Center,Lowell,MA,,
211,2025,11B,11,B,UND,ASU,1,0,0,0,taffyowner,Groot,Ralph Engelstad Arena,Grand Forks,ND,,
212,2025,11B,11,B,UNION,HARV,1,0,0,0,AI,AI,Achilles Rink,Schenectady,NY,,
213,2025,11B,11,B,UNLV,SFU,0,0,0,0,AI,AI,City National Arena,Las Vegas,NV,,
214,2025,11B,11,B,USAF,RMU,1,0,0,0,AI,smackemz ,Cadet Ice Arena,Colorado Springs,CO,,
215,2025,11B,11,B,VT,LIU,0,0,0,0,KWheeler,Subsequent,Gutterson Fieldhouse,Burlington,VT,,
216,2025,11B,11,B,YALE,DART,1,0,0,0,AI,AI,Ingalls Rink,New Haven,CT,,
217,2025,12A,12,A,AGUS,LSS,1,0,0,0,ObliviousLAX,AI,Midco Arena,Sioux Falls,SD,,
218,2025,12A,12,A,AIC,NU,1,0,0,0,Dr_Novella,AI,MassMutual Center,Springfield,MA,,
219,2025,12A,12,A,ASU,MND,1,0,0,0,Groot,TuscanSota,Mullett Arena,Tempe,AZ,,
220,2025,12A,12,A,BENT,STMN,0,0,0,0,AI,AI,Bentley Arena,Waltham,MA,,
221,2025,12A,12,A,BRWN,CLRK,1,0,0,0,AI,Paradoxic,Meehan Auditorium,Providence,RI,,
222,2025,12A,12,A,CANI,SHU,1,0,0,0,AI,AI,LECOM Harborcenter,Buffalo,NY,,
223,2025,12A,12,A,COLG,YALE,1,0,0,0,kgreene,AI,Class of 1965 Arena,Colgate,NY,,
224,2025,12A,12,A,COR,UNION,1,0,0,0,Coach123,AI,Lynah Rink,Ithaca,NY,,
225,2025,12A,12,A,DART,STL,1,0,0,0,AI,AI,Thompson Arena,Hanover,NH,,
226,2025,12A,12,A,HARV,RPI,1,0,0,0,AI,AI,Bright-Landry Hockey Center,Cambridge,MA,,
227,2025,12A,12,A,HC,ARMY,1,0,0,0,JC.,AI,Hart Center,Worcester,MA,,
228,2025,12A,12,A,LIU,WISC,0,0,0,0,Subsequent,Bundy,Islanders Iceworks,Brooklyn,NY,,
229,2025,12A,12,A,MASS,UML,1,0,0,0,AI,AI,Mullins Center,Amherst,MA,,
230,2025,12A,12,A,ME,NE,1,0,0,0,AI,AI,Harold Alfond Sports Arena,Orono,ME,,
231,2025,12A,12,A,MNSU,BGSU,1,0,0,0,AI,PoopyRhinoPickle,Mayo Clinic Health System Event Center,Mankato,MN,,
232,2025,12A,12,A,MRMK,CONN,1,0,0,0,AI,AI,J. Thom Lawler Rink,North Andover,MA,,
233,2025,12A,12,A,MSU,MICH,1,0,0,0,AI,Spoof,Munn Ice Arena,East Lansing,MI,,
234,2025,12A,12,A,MTU,FRST,1,0,0,0,AI,AI,MacInnes Student Ice Arena,Houghton,MI,,
235,2025,12A,12,A,NMU,BSU,1,0,0,0,AI,SageBow,Berry Events Center,Marquette,MI,,
236,2025,12A,12,A,OLAF,STON,0,0,0,0,AI,AI,Skoglund Athletic Center,Northfield,MN,,
237,2025,12A,12,A,OSU,MINN,1,0,0,0,AI,CoachCartier,Value City Arena,Columbus,OH,,
238,2025,12A,12,A,PNST,ND,1,0,0,0,Rocketcan,Zesco,Pegula Ice Arena,State College,PA,,
239,2025,12A,12,A,PRIN,QUIN,1,0,0,0,AI,AI,Hobey Baker Memorial Rink,Princeton,NJ,,
240,2025,12A,12,A,RIT,MRCY,1,0,0,0,AI,The Liberator,Gene Polisseni Center,Rochester,NY,,
241,2025,12A,12,A,RMU,UAA,0,0,0,0,smackemz ,Kirby,Clearview Arena,Moon Township,PA,,
242,2025,12A,12,A,SFU,MINOT,0,0,0,0,AI,AI,Bill Copeland Sports Centre,Vancouver,BC,,
243,2025,12A,12,A,STCL,CC,1,0,0,0,AI,AI,Herb Brooks National Hockey Center,St. Cloud,MN,,
244,2025,12A,12,A,TNST,LIND,0,0,0,0,AI,AI,Gentry Center,Nashville,TN,,
245,2025,12A,12,A,UAF,WMU,0,0,0,0,Acewulf,Jieret,Carlson Center,Fairbanks,AK,,
246,2025,12A,12,A,UAH,UNLV,0,0,0,0,AI,AI,Von Braun Center,Huntsville,AL,,
247,2025,12A,12,A,UND,MIAO,1,0,0,0,taffyowner,AI,Ralph Engelstad Arena,Grand Forks,ND,,
248,2025,12A,12,A,UNH,BC,1,0,0,0,AI,nemolee.exe,Whittemore Center,Durham,NH,,
249,2025,12A,12,A,UNO,DU,1,0,0,0,Alexfall,Ricky Campbell,Baxter Arena,Omaha,NE,,
250,2025,12A,12,A,USAF,BU,0,0,0,0,AI,jmjacobs,Cadet Ice Arena,Colorado Springs,CO,,
251,2025,12A,12,A,WVU,BING,0,0,0,0,AI,AI,Wesbanco Arena,Morgantown,WV,,
252,2025,12B,12,B,BC,NE,1,0,0,0,nemolee.exe,AI,Conte Forum,Chestnut Hill,MA,,
253,2025,12B,12,B,BENT,MRCY,1,0,0,0,AI,The Liberator,Bentley Arena,Waltham,MA,,
254,2025,12B,12,B,BGSU,LSS,1,0,0,0,PoopyRhinoPickle,AI,Slater Family Ice Arena,Bowling Green,OH,,
255,2025,12B,12,B,BING,WVU,0,0,0,0,AI,AI,Visions Veterans Memorial Arena,Binghamton,NY,,
256,2025,12B,12,B,BSU,MTU,1,0,0,0,SageBow,AI,Sanford Center,Bemidji,MN,,
257,2025,12B,12,B,BU,ME,1,0,0,0,jmjacobs,AI,Agganis Arena,Boston,MA,,
258,2025,12B,12,B,CC,UND,1,0,0,0,AI,taffyowner,Ed Robson Arena,Colorado Springs,CO,,
259,2025,12B,12,B,CONN,PROV,1,0,0,0,AI,AI,Toscano Family Ice Forum,Storrs,CT,,
260,2025,12B,12,B,DU,MND,1,0,0,0,Ricky Campbell,TuscanSota,Magness Rena,Denver,CO,,
261,2025,12B,12,B,FRST,AGUS,1,0,0,0,AI,ObliviousLAX,Ewigleben Arena,Big Rapids,MI,,
262,2025,12B,12,B,HC,USAF,1,0,0,0,JC.,AI,Hart Center,Worcester,MA,,
263,2025,12B,12,B,LIND,MINN,0,0,0,0,AI,CoachCartier,Centene Community Ice Center,St. Charles,MO,,
264,2025,12B,12,B,LIU,UAF,0,0,0,0,Subsequent,Acewulf,Islanders Iceworks,Brooklyn,NY,,
265,2025,12B,12,B,MASS,RIT,0,0,0,0,AI,AI,Mullins Center,Amherst,MA,,
266,2025,12B,12,B,MIAO,ASU,1,0,0,0,AI,Groot,Goggin Ice Center,Oxford,OH,,
267,2025,12B,12,B,MICH,PNST,1,0,0,0,Spoof,Rocketcan,Yost Ice Arena,Ann Arbor,MI,,
268,2025,12B,12,B,MINOT,SFU,0,0,0,0,AI,AI,Maysa Arena,Minot,ND,,
269,2025,12B,12,B,MNSU,UAA,0,0,0,0,AI,Kirby,Mayo Clinic Health System Event Center,Mankato,MN,,
270,2025,12B,12,B,MRMK,UML,1,0,0,0,AI,AI,J. Thom Lawler Rink,North Andover,MA,,
271,2025,12B,12,B,ND,OSU,1,0,0,0,Zesco,AI,Compton Family Ice Arena,South Bend,IN,,
272,2025,12B,12,B,NU,CANI,1,0,0,0,AI,AI,Dwyer Arena,Lewiston,NY,,
273,2025,12B,12,B,PRIN,HARV,1,0,0,0,AI,AI,Hobey Baker Memorial Rink,Princeton,NJ,,
274,2025,12B,12,B,QUIN,DART,1,0,0,0,AI,AI,M&T Bank Arena,Hamden,CT,,
275,2025,12B,12,B,RMU,ARMY,1,0,0,0,smackemz ,AI,Clearview Arena,Moon Township,PA,,
276,2025,12B,12,B,RPI,COR,1,0,0,0,AI,Coach123,Houston Field House,Troy,NY,,
277,2025,12B,12,B,SHU,AIC,1,0,0,0,AI,Dr_Novella,Martire Family Arena,Fairfield,CT,,
278,2025,12B,12,B,STL,COLG,1,0,0,0,AI,kgreene,Appleton Arena,Canton,NY,,
279,2025,12B,12,B,STMN,NMU,1,0,0,0,AI,AI,Lee and Penny Anderson Arena,Saint Paul,MN,,
280,2025,12B,12,B,TNST,OLAF,0,0,0,0,AI,AI,Gentry Center,Nashville,TN,,
281,2025,12B,12,B,UNION,CLRK,1,0,0,0,AI,Paradoxic,Achilles Rink,Schenectady,NY,,
282,2025,12B,12,B,UNLV,UAH,0,0,0,0,AI,AI,City National Arena,Las Vegas,NV,,
283,2025,12B,12,B,UNO,STON,0,0,0,0,Alexfall,AI,Baxter Arena,Omaha,NE,,
284,2025,12B,12,B,VT,PROV,1,0,0,0,KWheeler,AI,Gutterson Fieldhouse,Burlington,VT,,
285,2025,12B,12,B,WISC,MSU,1,0,0,0,Bundy,AI,Kohl Center,Madison,WI,,
286,2025,12B,12,B,WMU,STCL,1,0,0,0,Jieret,AI,Lawson Arena,Kalamazoo,MI,,
287,2025,12B,12,B,YALE,BRWN,1,0,0,0,AI,AI,Ingalls Rink,New Haven,CT,,
288,2025,13A,13,A,AGUS,BGSU,1,0,0,0,ObliviousLAX,PoopyRhinoPickle,Midco Arena,Sioux Falls,SD,,
289,2025,13A,13,A,ARMY,CANI,1,0,0,0,AI,AI,Tate Rink,West Point,NY,,
290,2025,13A,13,A,ASU,DU,1,0,0,0,Groot,Ricky Campbell,Mullett Arena,Tempe,AZ,,
291,2025,13A,13,A,BENT,RIT,1,0,0,0,AI,AI,Bentley Arena,Waltham,MA,,
292,2025,13A,13,A,BRWN,UNION,1,0,0,0,AI,AI,Meehan Auditorium,Providence,RI,,
293,2025,13A,13,A,BU,UNH,1,0,0,0,jmjacobs,AI,Agganis Arena,Boston,MA,,
294,2025,13A,13,A,CLRK,RPI,1,0,0,0,Paradoxic,AI,Cheel Arena,Potsdam,NY,,
295,2025,13A,13,A,COLG,QUIN,1,0,0,0,kgreene,AI,Class of 1965 Arena,Colgate,NY,,
296,2025,13A,13,A,COR,PRIN,1,0,0,0,Coach123,AI,Lynah Rink,Ithaca,NY,,
297,2025,13A,13,A,DART,HARV,1,0,0,0,AI,AI,Thompson Arena,Hanover,NH,,
298,2025,13A,13,A,FRST,BSU,1,0,0,0,AI,SageBow,Ewigleben Arena,Big Rapids,MI,,
299,2025,13A,13,A,LIND,UAH,0,0,0,0,AI,AI,Centene Community Ice Center,St. Charles,MO,,
300,2025,13A,13,A,LSS,LIU,0,0,0,0,AI,Subsequent,Taffy Abel Arena,Sault Ste. Marie,MI,,
301,2025,13A,13,A,MASS,VT,1,0,0,0,AI,KWheeler,Mullins Center,Amherst,MA,,
302,2025,13A,13,A,ME,HC,0,0,0,0,AI,JC.,Harold Alfond Sports Arena,Orono,ME,,
303,2025,13A,13,A,MIAO,CC,1,0,0,0,AI,AI,Goggin Ice Center,Oxford,OH,,
304,2025,13A,13,A,MINN,ND,1,0,0,0,CoachCartier,Zesco,Mariucci Arena,Minneapolis,MN,,
305,2025,13A,13,A,MND,UAA,0,0,0,0,TuscanSota,Kirby,AMSOIL Arena,Duluth,MN,,
306,2025,13A,13,A,MNSU,NMU,1,0,0,0,AI,AI,Mayo Clinic Health System Event Center,Mankato,MN,,
307,2025,13A,13,A,MRCY,NU,1,0,0,0,The Liberator,AI,Mercyhurst Ice Center,Erie,PA,,
308,2025,13A,13,A,MTU,STMN,1,0,0,0,AI,AI,MacInnes Student Ice Arena,Houghton,MI,,
309,2025,13A,13,A,NE,MSU,0,0,0,0,AI,AI,Matthews Arena,Boston,MA,,
310,2025,13A,13,A,OLAF,SFU,0,0,0,0,AI,AI,Skoglund Athletic Center,Northfield,MN,,
311,2025,13A,13,A,OSU,MICH,1,0,0,0,AI,Spoof,Value City Arena,Columbus,OH,,
312,2025,13A,13,A,PNST,WISC,1,0,0,0,Rocketcan,Bundy,Pegula Ice Arena,State College,PA,,
313,2025,13A,13,A,PROV,MRMK,1,0,0,0,AI,AI,Schneider Arena,Providence,RI,,
314,2025,13A,13,A,SHU,RMU,1,0,0,0,AI,smackemz ,Martire Family Arena,Fairfield,CT,,
315,2025,13A,13,A,STON,BING,0,0,0,0,AI,AI,Bridgewater Ice Arena,Easton,MA,,
316,2025,13A,13,A,UAF,BC,0,0,0,0,Acewulf,nemolee.exe,Carlson Center,Fairbanks,AK,,
317,2025,13A,13,A,UML,CONN,1,0,0,0,AI,AI,Tsongas Center,Lowell,MA,,
318,2025,13A,13,A,UND,WMU,1,0,0,0,taffyowner,Jieret,Ralph Engelstad Arena,Grand Forks,ND,,
319,2025,13A,13,A,UNH,VT,1,0,0,0,AI,KWheeler,Whittemore Center,Durham,NH,,
320,2025,13A,13,A,UNLV,TNST,0,0,0,0,AI,AI,City National Arena,Las Vegas,NV,,
321,2025,13A,13,A,UNO,STCL,1,0,0,0,Alexfall,AI,Baxter Arena,Omaha,NE,,
322,2025,13A,13,A,USAF,AIC,1,0,0,0,AI,Dr_Novella,Cadet Ice Arena,Colorado Springs,CO,,
323,2025,13A,13,A,WVU,MINOT,0,0,0,0,AI,AI,Wesbanco Arena,Morgantown,WV,,
324,2025,13A,13,A,YALE,STL,1,0,0,0,AI,AI,Ingalls Rink,New Haven,CT,,
325,2025,13B,13,B,AIC,HC,1,0,0,0,Dr_Novella,JC.,MassMutual Center,Springfield,MA,,
326,2025,13B,13,B,ARMY,SHU,1,0,0,0,AI,AI,Tate Rink,West Point,NY,,
327,2025,13B,13,B,BGSU,ND,0,0,0,0,PoopyRhinoPickle,Zesco,Slater Family Ice Arena,Bowling Green,OH,,
328,2025,13B,13,B,BING,STON,0,0,0,0,AI,AI,Visions Veterans Memorial Arena,Binghamton,NY,,
329,2025,13B,13,B,BSU,AGUS,1,0,0,0,SageBow,ObliviousLAX,Sanford Center,Bemidji,MN,,
330,2025,13B,13,B,CANI,BENT,1,0,0,0,AI,AI,LECOM Harborcenter,Buffalo,NY,,
331,2025,13B,13,B,CC,ASU,1,0,0,0,AI,Groot,Ed Robson Arena,Colorado Springs,CO,,
332,2025,13B,13,B,DART,COR,1,0,0,0,AI,Coach123,Thompson Arena,Hanover,NH,,
333,2025,13B,13,B,DU,LIU,0,0,0,0,Ricky Campbell,Subsequent,Magness Rena,Denver,CO,,
334,2025,13B,13,B,HARV,COLG,1,0,0,0,AI,kgreene,Bright-Landry Hockey Center,Cambridge,MA,,
335,2025,13B,13,B,ME,MRMK,1,0,0,0,AI,AI,Harold Alfond Sports Arena,Orono,ME,,
336,2025,13B,13,B,MICH,MINN,1,0,0,0,Spoof,CoachCartier,Yost Ice Arena,Ann Arbor,MI,,
337,2025,13B,13,B,MINOT,WVU,0,0,0,0,AI,AI,Maysa Arena,Minot,ND,,
338,2025,13B,13,B,MNSU,MTU,1,0,0,0,AI,AI,Mayo Clinic Health System Event Center,Mankato,MN,,
339,2025,13B,13,B,MRCY,UAA,0,0,0,0,The Liberator,Kirby,Mercyhurst Ice Center,Erie,PA,,
340,2025,13B,13,B,MSU,PNST,1,0,0,0,AI,Rocketcan,Munn Ice Arena,East Lansing,MI,,
341,2025,13B,13,B,NE,CONN,1,0,0,0,AI,AI,Matthews Arena,Boston,MA,,
342,2025,13B,13,B,NMU,LSS,1,0,0,0,AI,AI,Berry Events Center,Marquette,MI,,
343,2025,13B,13,B,PRIN,CLRK,1,0,0,0,AI,Paradoxic,Hobey Baker Memorial Rink,Princeton,NJ,,
344,2025,13B,13,B,PROV,UAF,0,0,0,0,AI,Acewulf,Schneider Arena,Providence,RI,,
345,2025,13B,13,B,QUIN,YALE,1,0,0,0,AI,AI,M&T Bank Arena,Hamden,CT,,
346,2025,13B,13,B,RIT,USAF,1,0,0,0,AI,AI,Gene Polisseni Center,Rochester,NY,,
347,2025,13B,13,B,RMU,NU,1,0,0,0,smackemz ,AI,Clearview Arena,Moon Township,PA,,
348,2025,13B,13,B,RPI,UNION,1,0,0,0,AI,AI,Houston Field House,Troy,NY,,
349,2025,13B,13,B,SFU,OLAF,0,0,0,0,AI,AI,Bill Copeland Sports Centre,Vancouver,BC,,
350,2025,13B,13,B,STCL,MND,1,0,0,0,AI,TuscanSota,Herb Brooks National Hockey Center,St. Cloud,MN,,
351,2025,13B,13,B,STL,BRWN,1,0,0,0,AI,AI,Appleton Arena,Canton,NY,,
352,2025,13B,13,B,STMN,FRST,1,0,0,0,AI,AI,Lee and Penny Anderson Arena,Saint Paul,MN,,
353,2025,13B,13,B,TNST,UNLV,0,0,0,0,AI,AI,Gentry Center,Nashville,TN,,
354,2025,13B,13,B,UAH,LIND,0,0,0,0,AI,AI,Von Braun Center,Huntsville,AL,,
355,2025,13B,13,B,UML,BC,1,0,0,0,AI,nemolee.exe,Tsongas Center,Lowell,MA,,
356,2025,13B,13,B,UNH,MASS,1,0,0,0,AI,AI,Whittemore Center,Durham,NH,,
357,2025,13B,13,B,UNO,UND,1,0,0,0,Alexfall,taffyowner,Baxter Arena,Omaha,NE,,
358,2025,13B,13,B,VT,BU,1,0,0,0,KWheeler,jmjacobs,Gutterson Fieldhouse,Burlington,VT,,
359,2025,13B,13,B,WISC,OSU,1,0,0,0,Bundy,AI,Kohl Center,Madison,WI,,
360,2025,13B,13,B,WMU,MIAO,1,0,0,0,Jieret,AI,Lawson Arena,Kalamazoo,MI,,
361,2025,14A,14,A,AIC,CANI,1,0,0,0,Dr_Novella,AI,MassMutual Center,Springfield,MA,,
362,2025,14A,14,A,BC,BU,1,0,0,0,nemolee.exe,jmjacobs,Conte Forum,Chestnut Hill,MA,,
363,2025,14A,14,A,BGSU,NMU,1,0,0,0,PoopyRhinoPickle,AI,Slater Family Ice Arena,Bowling Green,OH,,
364,2025,14A,14,A,BRWN,RPI,1,0,0,0,AI,AI,Meehan Auditorium,Providence,RI,,
365,2025,14A,14,A,BSU,STMN,1,0,0,0,SageBow,AI,Sanford Center,Bemidji,MN,,
366,2025,14A,14,A,CLRK,DART,1,0,0,0,Paradoxic,AI,Cheel Arena,Potsdam,NY,,
367,2025,14A,14,A,COLG,COR,1,0,0,0,kgreene,Coach123,Class of 1965 Arena,Colgate,NY,,
368,2025,14A,14,A,CONN,MASS,1,0,0,0,AI,AI,Toscano Family Ice Forum,Storrs,CT,,
369,2025,14A,14,A,DU,UML,0,0,0,0,Ricky Campbell,AI,Magness Rena,Denver,CO,,
370,2025,14A,14,A,FRST,MNSU,1,0,0,0,AI,AI,Ewigleben Arena,Big Rapids,MI,,
371,2025,14A,14,A,HARV,YALE,1,0,0,0,AI,AI,Bright-Landry Hockey Center,Cambridge,MA,,
372,2025,14A,14,A,HC,BENT,1,0,0,0,JC.,AI,Hart Center,Worcester,MA,,
373,2025,14A,14,A,LIND,AGUS,0,0,0,0,AI,ObliviousLAX,Centene Community Ice Center,St. Charles,MO,,
374,2025,14A,14,A,LIU,TNST,0,0,0,0,Subsequent,AI,Islanders Iceworks,Brooklyn,NY,,
375,2025,14A,14,A,LSS,MTU,1,0,0,0,AI,AI,Taffy Abel Arena,Sault Ste. Marie,MI,,
376,2025,14A,14,A,ME,PROV,1,0,0,0,AI,AI,Harold Alfond Sports Arena,Orono,ME,,
377,2025,14A,14,A,MIAO,MND,1,0,0,0,AI,TuscanSota,Goggin Ice Center,Oxford,OH,,
378,2025,14A,14,A,MINN,WISC,1,0,0,0,CoachCartier,Bundy,Mariucci Arena,Minneapolis,MN,,
379,2025,14A,14,A,MINOT,OLAF,0,0,0,0,AI,AI,Maysa Arena,Minot,ND,,
380,2025,14A,14,A,MRMK,UNH,1,0,0,0,AI,AI,J. Thom Lawler Rink,North Andover,MA,,
381,2025,14A,14,A,ND,MICH,1,0,0,0,Zesco,Spoof,Compton Family Ice Arena,South Bend,IN,,
382,2025,14A,14,A,NU,RIT,1,0,0,0,AI,AI,Dwyer Arena,Lewiston,NY,,
383,2025,14A,14,A,OSU,MSU,1,0,0,0,AI,AI,Value City Arena,Columbus,OH,,
384,2025,14A,14,A,PNST,ARMY,0,0,0,0,Rocketcan,AI,Pegula Ice Arena,State College,PA,,
385,2025,14A,14,A,RMU,MRCY,1,0,0,0,smackemz ,The Liberator,Clearview Arena,Moon Township,PA,,
386,2025,14A,14,A,SHU,USAF,1,0,0,0,AI,AI,Martire Family Arena,Fairfield,CT,,
387,2025,14A,14,A,STCL,CC,1,0,0,0,AI,AI,Herb Brooks National Hockey Center,St. Cloud,MN,,
388,2025,14A,14,A,STL,QUIN,1,0,0,0,AI,AI,Appleton Arena,Canton,NY,,
389,2025,14A,14,A,UAA,STON,0,0,0,0,Kirby,AI,Sullivan Arena,Anchorage,AK,,
390,2025,14A,14,A,UAF,SFU,0,0,0,0,Acewulf,AI,Carlson Center,Fairbanks,AK,,
391,2025,14A,14,A,UAH,BING,0,0,0,0,AI,AI,Von Braun Center,Huntsville,AL,,
392,2025,14A,14,A,UNION,PRIN,1,0,0,0,AI,AI,Achilles Rink,Schenectady,NY,,
393,2025,14A,14,A,UNO,UND,1,0,0,0,Alexfall,taffyowner,Baxter Arena,Omaha,NE,,
394,2025,14A,14,A,VT,NE,1,0,0,0,KWheeler,AI,Gutterson Fieldhouse,Burlington,VT,,
395,2025,14A,14,A,WMU,ASU,1,0,0,0,Jieret,Groot,Lawson Arena,Kalamazoo,MI,,
396,2025,14A,14,A,WVU,UNLV,0,0,0,0,AI,AI,Wesbanco Arena,Morgantown,WV,,
397,2025,14B,14,B,ASU,DU,1,0,0,0,Groot,Ricky Campbell,Mullett Arena,Tempe,AZ,,
398,2025,14B,14,B,BENT,SHU,1,0,0,0,AI,AI,Bentley Arena,Waltham,MA,,
399,2025,14B,14,B,BING,LIND,0,0,0,0,AI,AI,Visions Veterans Memorial Arena,Binghamton,NY,,
400,2025,14B,14,B,BU,UML,1,0,0,0,jmjacobs,AI,Agganis Arena,Boston,MA,,
401,2025,14B,14,B,CANI,RMU,1,0,0,0,AI,smackemz ,LECOM Harborcenter,Buffalo,NY,,
402,2025,14B,14,B,CC,NU,0,0,0,0,AI,AI,Ed Robson Arena,Colorado Springs,CO,,
403,2025,14B,14,B,COLG,CLRK,1,0,0,0,kgreene,Paradoxic,Class of 1965 Arena,Colgate,NY,,
404,2025,14B,14,B,CONN,VT,1,0,0,0,AI,KWheeler,Toscano Family Ice Forum,Storrs,CT,,
405,2025,14B,14,B,COR,YALE,1,0,0,0,Coach123,AI,Lynah Rink,Ithaca,NY,,
406,2025,14B,14,B,DART,UNION,1,0,0,0,AI,AI,Thompson Arena,Hanover,NH,,
407,2025,14B,14,B,LSS,FRST,1,0,0,0,AI,AI,Taffy Abel Arena,Sault Ste. Marie,MI,,
408,2025,14B,14,B,MASS,ME,1,0,0,0,AI,AI,Mullins Center,Amherst,MA,,
409,2025,14B,14,B,MIAO,UNO,1,0,0,0,AI,Alexfall,Goggin Ice Center,Oxford,OH,,
410,2025,14B,14,B,MICH,LIU,0,0,0,0,Spoof,Subsequent,Yost Ice Arena,Ann Arbor,MI,,
411,2025,14B,14,B,MND,STCL,1,0,0,0,TuscanSota,AI,AMSOIL Arena,Duluth,MN,,
412,2025,14B,14,B,MNSU,BSU,1,0,0,0,AI,SageBow,Mayo Clinic Health System Event Center,Mankato,MN,,
413,2025,14B,14,B,MRCY,AIC,1,0,0,0,The Liberator,Dr_Novella,Mercyhurst Ice Center,Erie,PA,,
414,2025,14B,14,B,MRMK,NMU,0,0,0,0,AI,AI,J. Thom Lawler Rink,North Andover,MA,,
415,2025,14B,14,B,MSU,MINN,1,0,0,0,AI,CoachCartier,Munn Ice Arena,East Lansing,MI,,
416,2025,14B,14,B,MTU,BGSU,1,0,0,0,AI,PoopyRhinoPickle,MacInnes Student Ice Arena,Houghton,MI,,
417,2025,14B,14,B,NE,UNH,1,0,0,0,AI,AI,Matthews Arena,Boston,MA,,
418,2025,14B,14,B,OLAF,MINOT,0,0,0,0,AI,AI,Skoglund Athletic Center,Northfield,MN,,
419,2025,14B,14,B,PNST,OSU,1,0,0,0,Rocketcan,AI,Pegula Ice Arena,State College,PA,,
420,2025,14B,14,B,PRIN,RPI,1,0,0,0,AI,AI,Hobey Baker Memorial Rink,Princeton,NJ,,
421,2025,14B,14,B,PROV,BC,1,0,0,0,AI,nemolee.exe,Schneider Arena,Providence,RI,,
422,2025,14B,14,B,QUIN,BRWN,1,0,0,0,AI,AI,M&T Bank Arena,Hamden,CT,,
423,2025,14B,14,B,RIT,HC,1,0,0,0,AI,JC.,Gene Polisseni Center,Rochester,NY,,
424,2025,14B,14,B,SFU,UAF,0,0,0,0,AI,Acewulf,Bill Copeland Sports Centre,Vancouver,BC,,
425,2025,14B,14,B,STL,HARV,1,0,0,0,AI,AI,Appleton Arena,Canton,NY,,
426,2025,14B,14,B,STMN,AGUS,1,0,0,0,AI,ObliviousLAX,Lee and Penny Anderson Arena,Saint Paul,MN,,
427,2025,14B,14,B,STON,UAA,0,0,0,0,AI,Kirby,Bridgewater Ice Arena,Easton,MA,,
428,2025,14B,14,B,TNST,UAH,0,0,0,0,AI,AI,Gentry Center,Nashville,TN,,
429,2025,14B,14,B,UND,WMU,1,0,0,0,taffyowner,Jieret,Ralph Engelstad Arena,Grand Forks,ND,,
430,2025,14B,14,B,UNLV,WVU,0,0,0,0,AI,AI,City National Arena,Las Vegas,NV,,
431,2025,14B,14,B,USAF,ARMY,1,0,0,0,AI,AI,Cadet Ice Arena,Colorado Springs,CO,,
432,2025,14B,14,B,WISC,ND,1,0,0,0,Bundy,Zesco,Kohl Center,Madison,WI,,
433,2025,15A,15,A,AGUS,NMU,1,0,0,0,ObliviousLAX,AI,Midco Arena,Sioux Falls,SD,,
434,2025,15A,15,A,ARMY,HC,1,0,0,0,AI,JC.,Tate Rink,West Point,NY,,
435,2025,15A,15,A,ASU,UND,1,0,0,0,Groot,taffyowner,Mullett Arena,Tempe,AZ,,
436,2025,15A,15,A,BGSU,FRST,1,0,0,0,PoopyRhinoPickle,AI,Slater Family Ice Arena,Bowling Green,OH,,
437,2025,15A,15,A,BING,UAH,0,0,0,0,AI,AI,Visions Veterans Memorial Arena,Binghamton,NY,,
438,2025,15A,15,A,BRWN,PRIN,1,0,0,0,AI,AI,Meehan Auditorium,Providence,RI,,
439,2025,15A,15,A,BSU,LSS,1,0,0,0,SageBow,AI,Sanford Center,Bemidji,MN,,
440,2025,15A,15,A,BU,MASS,1,0,0,0,jmjacobs,AI,Agganis Arena,Boston,MA,,
441,2025,15A,15,A,CANI,AIC,1,0,0,0,AI,Dr_Novella,LECOM Harborcenter,Buffalo,NY,,
442,2025,15A,15,A,DU,CC,1,0,0,0,Ricky Campbell,AI,Magness Rena,Denver,CO,,
443,2025,15A,15,A,HARV,QUIN,1,0,0,0,AI,AI,Bright-Landry Hockey Center,Cambridge,MA,,
444,2025,15A,15,A,LIND,MTU,0,0,0,0,AI,AI,Centene Community Ice Center,St. Charles,MO,,
445,2025,15A,15,A,MICH,WISC,1,0,0,0,Spoof,Bundy,Yost Ice Arena,Ann Arbor,MI,,
446,2025,15A,15,A,MINN,PNST,1,0,0,0,CoachCartier,Rocketcan,Mariucci Arena,Minneapolis,MN,,
447,2025,15A,15,A,MINOT,TNST,0,0,0,0,AI,AI,Maysa Arena,Minot,ND,,
448,2025,15A,15,A,MRCY,BENT,1,0,0,0,The Liberator,AI,Mercyhurst Ice Center,Erie,PA,,
449,2025,15A,15,A,ND,MSU,1,0,0,0,Zesco,AI,Compton Family Ice Arena,South Bend,IN,,
450,2025,15A,15,A,NE,MRMK,1,0,0,0,AI,AI,Matthews Arena,Boston,MA,,
451,2025,15A,15,A,OLAF,UNLV,0,0,0,0,AI,AI,Skoglund Athletic Center,Northfield,MN,,
452,2025,15A,15,A,OSU,STON,0,0,0,0,AI,AI,Value City Arena,Columbus,OH,,
453,2025,15A,15,A,RMU,MND,0,0,0,0,smackemz ,TuscanSota,Clearview Arena,Moon Township,PA,,
454,2025,15A,15,A,RPI,DART,1,0,0,0,AI,AI,Houston Field House,Troy,NY,,
455,2025,15A,15,A,SFU,WVU,0,0,0,0,AI,AI,Bill Copeland Sports Centre,Vancouver,BC,,
456,2025,15A,15,A,SHU,NU,1,0,0,0,AI,AI,Martire Family Arena,Fairfield,CT,,
457,2025,15A,15,A,STCL,UNO,1,0,0,0,AI,Alexfall,Herb Brooks National Hockey Center,St. Cloud,MN,,
458,2025,15A,15,A,STL,COR,1,0,0,0,AI,Coach123,Appleton Arena,Canton,NY,,
459,2025,15A,15,A,STMN,MNSU,1,0,0,0,AI,AI,Lee and Penny Anderson Arena,Saint Paul,MN,,
460,2025,15A,15,A,UAA,CONN,0,0,0,0,Kirby,AI,Sullivan Arena,Anchorage,AK,,
461,2025,15A,15,A,UAF,LIU,0,0,0,0,Acewulf,Subsequent,Carlson Center,Fairbanks,AK,,
462,2025,15A,15,A,UML,ME,1,0,0,0,AI,AI,Tsongas Center,Lowell,MA,,
463,2025,15A,15,A,UNH,PROV,1,0,0,0,AI,AI,Whittemore Center,Durham,NH,,
464,2025,15A,15,A,UNION,COLG,1,0,0,0,AI,kgreene,Achilles Rink,Schenectady,NY,,
465,2025,15A,15,A,USAF,RIT,1,0,0,0,AI,AI,Cadet Ice Arena,Colorado Springs,CO,,
466,2025,15A,15,A,VT,BC,1,0,0,0,KWheeler,nemolee.exe,Gutterson Fieldhouse,Burlington,VT,,
467,2025,15A,15,A,WMU,MIAO,1,0,0,0,Jieret,AI,Lawson Arena,Kalamazoo,MI,,
468,2025,15A,15,A,YALE,CLRK,1,0,0,0,AI,Paradoxic,Ingalls Rink,New Haven,CT,,
469,2025,15B,15,B,BC,CONN,1,0,0,0,nemolee.exe,AI,Conte Forum,Chestnut Hill,MA,,
470,2025,15B,15,B,BENT,CANI,1,0,0,0,AI,AI,Bentley Arena,Waltham,MA,,
471,2025,15B,15,B,BGSU,BSU,1,0,0,0,PoopyRhinoPickle,SageBow,Slater Family Ice Arena,Bowling Green,OH,,
472,2025,15B,15,B,CLRK,STL,1,0,0,0,Paradoxic,AI,Cheel Arena,Potsdam,NY,,
473,2025,15B,15,B,COLG,RPI,1,0,0,0,kgreene,AI,Class of 1965 Arena,Colgate,NY,,
474,2025,15B,15,B,COR,QUIN,1,0,0,0,Coach123,AI,Lynah Rink,Ithaca,NY,,
475,2025,15B,15,B,DART,PRIN,1,0,0,0,AI,AI,Thompson Arena,Hanover,NH,,
476,2025,15B,15,B,FRST,STON,0,0,0,0,AI,AI,Ewigleben Arena,Big Rapids,MI,,
477,2025,15B,15,B,HARV,BRWN,1,0,0,0,AI,AI,Bright-Landry Hockey Center,Cambridge,MA,,
478,2025,15B,15,B,HC,SHU,1,0,0,0,JC.,AI,Hart Center,Worcester,MA,,
479,2025,15B,15,B,LIND,BING,0,0,0,0,AI,AI,Centene Community Ice Center,St. Charles,MO,,
480,2025,15B,15,B,LIU,UAA,0,0,0,0,Subsequent,Kirby,Islanders Iceworks,Brooklyn,NY,,
481,2025,15B,15,B,LSS,STMN,1,0,0,0,AI,AI,Taffy Abel Arena,Sault Ste. Marie,MI,,
482,2025,15B,15,B,MASS,NE,1,0,0,0,AI,AI,Mullins Center,Amherst,MA,,
483,2025,15B,15,B,ME,VT,1,0,0,0,AI,KWheeler,Harold Alfond Sports Arena,Orono,ME,,
484,2025,15B,15,B,MIAO,ASU,1,0,0,0,AI,Groot,Goggin Ice Center,Oxford,OH,,
485,2025,15B,15,B,MICH,MSU,1,0,0,0,Spoof,AI,Yost Ice Arena,Ann Arbor,MI,,
486,2025,15B,15,B,MINN,OSU,1,0,0,0,CoachCartier,AI,Mariucci Arena,Minneapolis,MN,,
487,2025,15B,15,B,MND,CC,1,0,0,0,TuscanSota,AI,AMSOIL Arena,Duluth,MN,,
488,2025,15B,15,B,MNSU,AGUS,1,0,0,0,AI,ObliviousLAX,Mayo Clinic Health System Event Center,Mankato,MN,,
489,2025,15B,15,B,MRCY,RMU,1,0,0,0,The Liberator,smackemz ,Mercyhurst Ice Center,Erie,PA,,
490,2025,15B,15,B,MRMK,BU,1,0,0,0,AI,jmjacobs,J. Thom Lawler Rink,North Andover,MA,,
491,2025,15B,15,B,MTU,NMU,1,0,0,0,AI,AI,MacInnes Student Ice Arena,Houghton,MI,,
492,2025,15B,15,B,ND,PNST,1,0,0,0,Zesco,Rocketcan,Compton Family Ice Arena,South Bend,IN,,
493,2025,15B,15,B,NU,AIC,1,0,0,0,AI,Dr_Novella,Dwyer Arena,Lewiston,NY,,
494,2025,15B,15,B,PROV,UML,1,0,0,0,AI,AI,Schneider Arena,Providence,RI,,
495,2025,15B,15,B,RIT,ARMY,1,0,0,0,AI,AI,Gene Polisseni Center,Rochester,NY,,
496,2025,15B,15,B,STCL,WMU,1,0,0,0,AI,Jieret,Herb Brooks National Hockey Center,St. Cloud,MN,,
497,2025,15B,15,B,UAF,WISC,0,0,0,0,Acewulf,Bundy,Carlson Center,Fairbanks,AK,,
498,2025,15B,15,B,UAH,TNST,0,0,0,0,AI,AI,Von Braun Center,Huntsville,AL,,
499,2025,15B,15,B,UND,DU,1,0,0,0,taffyowner,Ricky Campbell,Ralph Engelstad Arena,Grand Forks,ND,,
500,2025,15B,15,B,UNH,USAF,0,0,0,0,AI,AI,Whittemore Center,Durham,NH,,
501,2025,15B,15,B,UNLV,OLAF,0,0,0,0,AI,AI,City National Arena,Las Vegas,NV,,
502,2025,15B,15,B,UNO,MINOT,0,0,0,0,Alexfall,AI,Baxter Arena,Omaha,NE,,
503,2025,15B,15,B,WVU,SFU,0,0,0,0,AI,AI,Wesbanco Arena,Morgantown,WV,,
504,2025,15B,15,B,YALE,UNION,1,0,0,0,AI,AI,Ingalls Rink,New Haven,CT,,
505,2025,16A,16,A,AGUS,MTU,1,0,0,0,ObliviousLAX,AI,Midco Arena,Sioux Falls,SD,,
506,2025,16A,16,A,AIC,ARMY,1,0,0,0,Dr_Novella,AI,MassMutual Center,Springfield,MA,,
507,2025,16A,16,A,ASU,STCL,1,0,0,0,Groot,AI,Mullett Arena,Tempe,AZ,,
508,2025,16A,16,A,BC,UNH,1,0,0,0,nemolee.exe,AI,Conte Forum,Chestnut Hill,MA,,
509,2025,16A,16,A,BRWN,DART,1,0,0,0,AI,AI,Meehan Auditorium,Providence,RI,,
510,2025,16A,16,A,CANI,USAF,1,0,0,0,AI,AI,LECOM Harborcenter,Buffalo,NY,,
511,2025,16A,16,A,CC,UNO,1,0,0,0,AI,Alexfall,Ed Robson Arena,Colorado Springs,CO,,
512,2025,16A,16,A,CONN,NE,1,0,0,0,AI,AI,Toscano Family Ice Forum,Storrs,CT,,
513,2025,16A,16,A,DU,MND,1,0,0,0,Ricky Campbell,TuscanSota,Magness Rena,Denver,CO,,
514,2025,16A,16,A,HARV,COR,1,0,0,0,AI,Coach123,Bright-Landry Hockey Center,Cambridge,MA,,
515,2025,16A,16,A,LIU,VT,0,0,0,0,Subsequent,KWheeler,Islanders Iceworks,Brooklyn,NY,,
516,2025,16A,16,A,MASS,MRMK,1,0,0,0,AI,AI,Mullins Center,Amherst,MA,,
517,2025,16A,16,A,ME,PROV,1,0,0,0,AI,AI,Harold Alfond Sports Arena,Orono,ME,,
518,2025,16A,16,A,MINN,BENT,0,0,0,0,CoachCartier,AI,Mariucci Arena,Minneapolis,MN,,
519,2025,16A,16,A,MNSU,LSS,1,0,0,0,AI,AI,Mayo Clinic Health System Event Center,Mankato,MN,,
520,2025,16A,16,A,MSU,WISC,1,0,0,0,AI,Bundy,Munn Ice Arena,East Lansing,MI,,
521,2025,16A,16,A,NMU,FRST,1,0,0,0,AI,AI,Berry Events Center,Marquette,MI,,
522,2025,16A,16,A,NU,MRCY,1,0,0,0,AI,The Liberator,Dwyer Arena,Lewiston,NY,,
523,2025,16A,16,A,OLAF,BSU,0,0,0,0,AI,SageBow,Skoglund Athletic Center,Northfield,MN,,
524,2025,16A,16,A,OSU,ND,1,0,0,0,AI,Zesco,Value City Arena,Columbus,OH,,
525,2025,16A,16,A,PNST,MICH,1,0,0,0,Rocketcan,Spoof,Pegula Ice Arena,State College,PA,,
526,2025,16A,16,A,PRIN,COLG,1,0,0,0,AI,kgreene,Hobey Baker Memorial Rink,Princeton,NJ,,
527,2025,16A,16,A,QUIN,CLRK,1,0,0,0,AI,Paradoxic,M&T Bank Arena,Hamden,CT,,
528,2025,16A,16,A,RIT,SHU,1,0,0,0,AI,AI,Gene Polisseni Center,Rochester,NY,,
529,2025,16A,16,A,RMU,HC,1,0,0,0,smackemz ,JC.,Clearview Arena,Moon Township,PA,,
530,2025,16A,16,A,RPI,YALE,1,0,0,0,AI,AI,Houston Field House,Troy,NY,,
531,2025,16A,16,A,STL,UNION,1,0,0,0,AI,AI,Appleton Arena,Canton,NY,,
532,2025,16A,16,A,STMN,BGSU,1,0,0,0,AI,PoopyRhinoPickle,Lee and Penny Anderson Arena,Saint Paul,MN,,
533,2025,16A,16,A,STON,MINOT,0,0,0,0,AI,AI,Bridgewater Ice Arena,Easton,MA,,
534,2025,16A,16,A,TNST,SFU,0,0,0,0,AI,AI,Gentry Center,Nashville,TN,,
535,2025,16A,16,A,UAF,WVU,0,0,0,0,Acewulf,AI,Carlson Center,Fairbanks,AK,,
536,2025,16A,16,A,UAH,LIND,0,0,0,0,AI,AI,Von Braun Center,Huntsville,AL,,
537,2025,16A,16,A,UML,BU,1,0,0,0,AI,jmjacobs,Tsongas Center,Lowell,MA,,
538,2025,16A,16,A,UND,MIAO,1,0,0,0,taffyowner,AI,Ralph Engelstad Arena,Grand Forks,ND,,
539,2025,16A,16,A,UNLV,BING,0,0,0,0,AI,AI,City National Arena,Las Vegas,NV,,
540,2025,16A,16,A,WMU,UAA,0,0,0,0,Jieret,Kirby,Lawson Arena,Kalamazoo,MI,,
541,2025,16B,16,B,BGSU,MNSU,1,0,0,0,PoopyRhinoPickle,AI,Slater Family Ice Arena,Bowling Green,OH,,
542,2025,16B,16,B,BING,UNLV,0,0,0,0,AI,AI,Visions Veterans Memorial Arena,Binghamton,NY,,
543,2025,16B,16,B,BSU,NMU,1,0,0,0,SageBow,AI,Sanford Center,Bemidji,MN,,
544,2025,16B,16,B,BU,UNH,1,0,0,0,jmjacobs,AI,Agganis Arena,Boston,MA,,
545,2025,16B,16,B,CANI,ARMY,1,0,0,0,AI,AI,LECOM Harborcenter,Buffalo,NY,,
546,2025,16B,16,B,CLRK,HARV,1,0,0,0,Paradoxic,AI,Cheel Arena,Potsdam,NY,,
547,2025,16B,16,B,COLG,DART,1,0,0,0,kgreene,AI,Class of 1965 Arena,Colgate,NY,,
548,2025,16B,16,B,COR,BRWN,1,0,0,0,Coach123,AI,Lynah Rink,Ithaca,NY,,
549,2025,16B,16,B,FRST,MTU,1,0,0,0,AI,AI,Ewigleben Arena,Big Rapids,MI,,
550,2025,16B,16,B,HC,MRCY,1,0,0,0,JC.,The Liberator,Hart Center,Worcester,MA,,
551,2025,16B,16,B,LIND,UAH,0,0,0,0,AI,AI,Centene Community Ice Center,St. Charles,MO,,
552,2025,16B,16,B,LSS,AGUS,1,0,0,0,AI,ObliviousLAX,Taffy Abel Arena,Sault Ste. Marie,MI,,
553,2025,16B,16,B,ME,VT,1,0,0,0,AI,KWheeler,Harold Alfond Sports Arena,Orono,ME,,
554,2025,16B,16,B,MIAO,DU,1,0,0,0,AI,Ricky Campbell,Goggin Ice Center,Oxford,OH,,
555,2025,16B,16,B,MICH,OSU,1,0,0,0,Spoof,AI,Yost Ice Arena,Ann Arbor,MI,,
556,2025,16B,16,B,MINOT,OLAF,0,0,0,0,AI,AI,Maysa Arena,Minot,ND,,
557,2025,16B,16,B,MRMK,UML,1,0,0,0,AI,AI,J. Thom Lawler Rink,North Andover,MA,,
558,2025,16B,16,B,MSU,AIC,0,0,0,0,AI,Dr_Novella,Munn Ice Arena,East Lansing,MI,,
559,2025,16B,16,B,ND,MINN,1,0,0,0,Zesco,CoachCartier,Compton Family Ice Arena,South Bend,IN,,
560,2025,16B,16,B,NE,MASS,1,0,0,0,AI,AI,Matthews Arena,Boston,MA,,
561,2025,16B,16,B,PROV,BC,1,0,0,0,AI,nemolee.exe,Schneider Arena,Providence,RI,,
562,2025,16B,16,B,RMU,RIT,1,0,0,0,smackemz ,AI,Clearview Arena,Moon Township,PA,,
563,2025,16B,16,B,SFU,TNST,0,0,0,0,AI,AI,Bill Copeland Sports Centre,Vancouver,BC,,
564,2025,16B,16,B,SHU,BENT,1,0,0,0,AI,AI,Martire Family Arena,Fairfield,CT,,
565,2025,16B,16,B,STCL,UND,1,0,0,0,AI,taffyowner,Herb Brooks National Hockey Center,St. Cloud,MN,,
566,2025,16B,16,B,STL,RPI,1,0,0,0,AI,AI,Appleton Arena,Canton,NY,,
567,2025,16B,16,B,STMN,UAF,0,0,0,0,AI,Acewulf,Lee and Penny Anderson Arena,Saint Paul,MN,,
568,2025,16B,16,B,STON,CONN,0,0,0,0,AI,AI,Bridgewater Ice Arena,Easton,MA,,
569,2025,16B,16,B,UAA,ASU,0,0,0,0,Kirby,Groot,Sullivan Arena,Anchorage,AK,,
570,2025,16B,16,B,UNION,QUIN,1,0,0,0,AI,AI,Achilles Rink,Schenectady,NY,,
571,2025,16B,16,B,UNO,MND,1,0,0,0,Alexfall,TuscanSota,Baxter Arena,Omaha,NE,,
572,2025,16B,16,B,USAF,NU,1,0,0,0,AI,AI,Cadet Ice Arena,Colorado Springs,CO,,
573,2025,16B,16,B,WISC,PNST,1,0,0,0,Bundy,Rocketcan,Kohl Center,Madison,WI,,
574,2025,16B,16,B,WMU,CC,1,0,0,0,Jieret,AI,Lawson Arena,Kalamazoo,MI,,
575,2025,16B,16,B,WVU,LIU,0,0,0,0,AI,Subsequent,Wesbanco Arena,Morgantown,WV,,
576,2025,16B,16,B,YALE,PRIN,1,0,0,0,AI,AI,Ingalls Rink,New Haven,CT,,
577,2025,17A,17,A,AGUS,FRST,1,0,0,0,ObliviousLAX,AI,Midco Arena,Sioux Falls,SD,,
578,2025,17A,17,A,AIC,RMU,1,0,0,0,Dr_Novella,smackemz ,MassMutual Center,Springfield,MA,,
579,2025,17A,17,A,ARMY,USAF,1,0,0,0,AI,AI,Tate Rink,West Point,NY,,
580,2025,17A,17,A,BC,CONN,1,0,0,0,nemolee.exe,AI,Conte Forum,Chestnut Hill,MA,,
581,2025,17A,17,A,BENT,NU,1,0,0,0,AI,AI,Bentley Arena,Waltham,MA,,
582,2025,17A,17,A,BING,SFU,0,0,0,0,AI,AI,Visions Veterans Memorial Arena,Binghamton,NY,,
583,2025,17A,17,A,BRWN,STL,1,0,0,0,AI,AI,Meehan Auditorium,Providence,RI,,
584,2025,17A,17,A,BU,ME,1,0,0,0,jmjacobs,AI,Agganis Arena,Boston,MA,,
585,2025,17A,17,A,CC,ASU,1,0,0,0,AI,Groot,Ed Robson Arena,Colorado Springs,CO,,
586,2025,17A,17,A,CLRK,PRIN,1,0,0,0,Paradoxic,AI,Cheel Arena,Potsdam,NY,,
587,2025,17A,17,A,COLG,HARV,1,0,0,0,kgreene,AI,Class of 1965 Arena,Colgate,NY,,
588,2025,17A,17,A,COR,DART,1,0,0,0,Coach123,AI,Lynah Rink,Ithaca,NY,,
589,2025,17A,17,A,DU,UNO,1,0,0,0,Ricky Campbell,Alexfall,Magness Rena,Denver,CO,,
590,2025,17A,17,A,HC,RIT,1,0,0,0,JC.,AI,Hart Center,Worcester,MA,,
591,2025,17A,17,A,LIU,UAF,0,0,0,0,Subsequent,Acewulf,Islanders Iceworks,Brooklyn,NY,,
592,2025,17A,17,A,LSS,BGSU,1,0,0,0,AI,PoopyRhinoPickle,Taffy Abel Arena,Sault Ste. Marie,MI,,
593,2025,17A,17,A,MIAO,STCL,1,0,0,0,AI,AI,Goggin Ice Center,Oxford,OH,,
594,2025,17A,17,A,MINN,MICH,1,0,0,0,CoachCartier,Spoof,Mariucci Arena,Minneapolis,MN,,
595,2025,17A,17,A,MINOT,UAH,0,0,0,0,AI,AI,Maysa Arena,Minot,ND,,
596,2025,17A,17,A,MND,WMU,1,0,0,0,TuscanSota,Jieret,AMSOIL Arena,Duluth,MN,,
597,2025,17A,17,A,MRCY,CANI,1,0,0,0,The Liberator,AI,Mercyhurst Ice Center,Erie,PA,,
598,2025,17A,17,A,MTU,BSU,1,0,0,0,AI,SageBow,MacInnes Student Ice Arena,Houghton,MI,,
599,2025,17A,17,A,ND,SHU,0,0,0,0,Zesco,AI,Compton Family Ice Arena,South Bend,IN,,
600,2025,17A,17,A,NE,UML,1,0,0,0,AI,AI,Matthews Arena,Boston,MA,,
601,2025,17A,17,A,NMU,STMN,1,0,0,0,AI,AI,Berry Events Center,Marquette,MI,,
602,2025,17A,17,A,OLAF,UNLV,0,0,0,0,AI,AI,Skoglund Athletic Center,Northfield,MN,,
603,2025,17A,17,A,OSU,WISC,1,0,0,0,AI,Bundy,Value City Arena,Columbus,OH,,
604,2025,17A,17,A,PNST,MSU,1,0,0,0,Rocketcan,AI,Pegula Ice Arena,State College,PA,,
605,2025,17A,17,A,PROV,STON,0,0,0,0,AI,AI,Schneider Arena,Providence,RI,,
606,2025,17A,17,A,UAA,MNSU,0,0,0,0,Kirby,AI,Sullivan Arena,Anchorage,AK,,
607,2025,17A,17,A,UND,LIND,0,0,0,0,taffyowner,AI,Ralph Engelstad Arena,Grand Forks,ND,,
608,2025,17A,17,A,UNH,MASS,1,0,0,0,AI,AI,Whittemore Center,Durham,NH,,
609,2025,17A,17,A,UNION,RPI,1,0,0,0,AI,AI,Achilles Rink,Schenectady,NY,,
610,2025,17A,17,A,VT,MRMK,1,0,0,0,KWheeler,AI,Gutterson Fieldhouse,Burlington,VT,,
611,2025,17A,17,A,WVU,TNST,0,0,0,0,AI,AI,Wesbanco Arena,Morgantown,WV,,
612,2025,17A,17,A,YALE,QUIN,1,0,0,0,AI,AI,Ingalls Rink,New Haven,CT,,
613,2025,17B,17,B,AIC,MRCY,1,0,0,0,Dr_Novella,The Liberator,MassMutual Center,Springfield,MA,,
614,2025,17B,17,B,ARMY,RMU,1,0,0,0,AI,smackemz ,Tate Rink,West Point,NY,,
615,2025,17B,17,B,ASU,MND,1,0,0,0,Groot,TuscanSota,Mullett Arena,Tempe,AZ,,
616,2025,17B,17,B,BC,MASS,1,0,0,0,nemolee.exe,AI,Conte Forum,Chestnut Hill,MA,,
617,2025,17B,17,B,BGSU,AGUS,1,0,0,0,PoopyRhinoPickle,ObliviousLAX,Slater Family Ice Arena,Bowling Green,OH,,
618,2025,17B,17,B,BSU,FRST,1,0,0,0,SageBow,AI,Sanford Center,Bemidji,MN,,
619,2025,17B,17,B,CC,UND,1,0,0,0,AI,taffyowner,Ed Robson Arena,Colorado Springs,CO,,
620,2025,17B,17,B,CONN,BU,1,0,0,0,AI,jmjacobs,Toscano Family Ice Forum,Storrs,CT,,
621,2025,17B,17,B,COR,COLG,1,0,0,0,Coach123,kgreene,Lynah Rink,Ithaca,NY,,
622,2025,17B,17,B,DART,CLRK,1,0,0,0,AI,Paradoxic,Thompson Arena,Hanover,NH,,
623,2025,17B,17,B,HARV,YALE,1,0,0,0,AI,AI,Bright-Landry Hockey Center,Cambridge,MA,,
624,2025,17B,17,B,LIND,MIAO,0,0,0,0,AI,AI,Centene Community Ice Center,St. Charles,MO,,
625,2025,17B,17,B,LIU,WVU,0,0,0,0,Subsequent,AI,Islanders Iceworks,Brooklyn,NY,,
626,2025,17B,17,B,MRMK,ME,1,0,0,0,AI,AI,J. Thom Lawler Rink,North Andover,MA,,
627,2025,17B,17,B,MSU,OSU,1,0,0,0,AI,AI,Munn Ice Arena,East Lansing,MI,,
628,2025,17B,17,B,ND,PNST,1,0,0,0,Zesco,Rocketcan,Compton Family Ice Arena,South Bend,IN,,
629,2025,17B,17,B,NMU,MNSU,1,0,0,0,AI,AI,Berry Events Center,Marquette,MI,,
630,2025,17B,17,B,OLAF,BING,0,0,0,0,AI,AI,Skoglund Athletic Center,Northfield,MN,,
631,2025,17B,17,B,PRIN,UNION,1,0,0,0,AI,AI,Hobey Baker Memorial Rink,Princeton,NJ,,
632,2025,17B,17,B,QUIN,STL,1,0,0,0,AI,AI,M&T Bank Arena,Hamden,CT,,
633,2025,17B,17,B,RIT,BENT,1,0,0,0,AI,AI,Gene Polisseni Center,Rochester,NY,,
634,2025,17B,17,B,RPI,BRWN,1,0,0,0,AI,AI,Houston Field House,Troy,NY,,
635,2025,17B,17,B,SFU,UNLV,0,0,0,0,AI,AI,Bill Copeland Sports Centre,Vancouver,BC,,
636,2025,17B,17,B,SHU,CANI,1,0,0,0,AI,AI,Martire Family Arena,Fairfield,CT,,
637,2025,17B,17,B,STCL,DU,1,0,0,0,AI,Ricky Campbell,Herb Brooks National Hockey Center,St. Cloud,MN,,
638,2025,17B,17,B,STMN,MTU,1,0,0,0,AI,AI,Lee and Penny Anderson Arena,Saint Paul,MN,,
639,2025,17B,17,B,STON,LSS,0,0,0,0,AI,AI,Bridgewater Ice Arena,Easton,MA,,
640,2025,17B,17,B,TNST,NU,0,0,0,0,AI,AI,Gentry Center,Nashville,TN,,
641,2025,17B,17,B,UAA,UAF,0,0,0,0,Kirby,Acewulf,Sullivan Arena,Anchorage,AK,,
642,2025,17B,17,B,UAH,MINOT,0,0,0,0,AI,AI,Von Braun Center,Huntsville,AL,,
643,2025,17B,17,B,UML,PROV,1,0,0,0,AI,AI,Tsongas Center,Lowell,MA,,
644,2025,17B,17,B,UNH,MICH,0,0,0,0,AI,Spoof,Whittemore Center,Durham,NH,,
645,2025,17B,17,B,USAF,HC,1,0,0,0,AI,JC.,Cadet Ice Arena,Colorado Springs,CO,,
646,2025,17B,17,B,VT,NE,1,0,0,0,KWheeler,AI,Gutterson Fieldhouse,Burlington,VT,,
647,2025,17B,17,B,WISC,MINN,1,0,0,0,Bundy,CoachCartier,Kohl Center,Madison,WI,,
648,2025,17B,17,B,WMU,UNO,1,0,0,0,Jieret,Alexfall,Lawson Arena,Kalamazoo,MI,,
649,2025,2A,2,A,AGUS,MINOT,0,0,0,0,ObliviousLAX,AI,Midco Arena,Sioux Falls,SD,,
650,2025,2A,2,A,AIC,UNH,0,0,0,0,Dr_Novella,AI,MassMutual Center,Springfield,MA,,
651,2025,2A,2,A,ARMY,MIAO,0,0,0,0,AI,AI,Tate Rink,West Point,NY,,
652,2025,2A,2,A,BENT,DU,0,0,0,0,AI,Ricky Campbell,Bentley Arena,Waltham,MA,,
653,2025,2A,2,A,BGSU,CONN,0,0,0,0,PoopyRhinoPickle,AI,Slater Family Ice Arena,Bowling Green,OH,,
654,2025,2A,2,A,BRWN,BING,0,0,0,0,AI,AI,Meehan Auditorium,Providence,RI,,
655,2025,2A,2,A,BU,ND,0,0,0,0,jmjacobs,Zesco,Agganis Arena,Boston,MA,,
656,2025,2A,2,A,CANI,COR,0,0,0,0,AI,Coach123,LECOM Harborcenter,Buffalo,NY,,
657,2025,2A,2,A,CC,USAF,0,0,0,0,AI,AI,Ed Robson Arena,Colorado Springs,CO,,
658,2025,2A,2,A,CLRK,UNLV,0,0,0,0,Paradoxic,AI,Cheel Arena,Potsdam,NY,,
659,2025,2A,2,A,DART,STMN,0,0,0,0,AI,AI,Thompson Arena,Hanover,NH,,
660,2025,2A,2,A,FRST,OLAF,0,0,0,0,AI,AI,Ewigleben Arena,Big Rapids,MI,,
661,2025,2A,2,A,HARV,WVU,0,0,0,0,AI,AI,Bright-Landry Hockey Center,Cambridge,MA,,
662,2025,2A,2,A,HC,WMU,0,0,0,0,JC.,Jieret,Hart Center,Worcester,MA,,
663,2025,2A,2,A,LIU,UAA,0,0,0,0,Subsequent,Kirby,Islanders Iceworks,Brooklyn,NY,,
664,2025,2A,2,A,ME,UND,0,0,0,0,AI,taffyowner,Harold Alfond Sports Arena,Orono,ME,,
665,2025,2A,2,A,MICH,LIND,0,0,0,0,Spoof,AI,Yost Ice Arena,Ann Arbor,MI,,
666,2025,2A,2,A,MINN,PROV,0,0,0,0,CoachCartier,AI,Mariucci Arena,Minneapolis,MN,,
667,2025,2A,2,A,MND,BSU,0,0,0,0,TuscanSota,SageBow,AMSOIL Arena,Duluth,MN,,
668,2025,2A,2,A,MRCY,NMU,0,0,0,0,The Liberator,AI,Mercyhurst Ice Center,Erie,PA,,
669,2025,2A,2,A,MRMK,UNION,0,0,0,0,AI,AI,J. Thom Lawler Rink,North Andover,MA,,
670,2025,2A,2,A,MSU,BC,0,0,0,0,AI,nemolee.exe,Munn Ice Arena,East Lansing,MI,,
671,2025,2A,2,A,MTU,STCL,0,0,0,0,AI,AI,MacInnes Student Ice Arena,Houghton,MI,,
672,2025,2A,2,A,NU,NE,0,0,0,0,AI,AI,Dwyer Arena,Lewiston,NY,,
673,2025,2A,2,A,PNST,UML,0,0,0,0,Rocketcan,AI,Pegula Ice Arena,State College,PA,,
674,2025,2A,2,A,PRIN,UAH,0,0,0,0,AI,AI,Hobey Baker Memorial Rink,Princeton,NJ,,
675,2025,2A,2,A,QUIN,ASU,0,0,0,0,AI,Groot,M&T Bank Arena,Hamden,CT,,
676,2025,2A,2,A,SHU,RPI,0,0,0,0,AI,AI,Martire Family Arena,Fairfield,CT,,
677,2025,2A,2,A,STL,MASS,0,0,0,0,AI,AI,Appleton Arena,Canton,NY,,
678,2025,2A,2,A,STON,RIT,0,0,0,0,AI,AI,Bridgewater Ice Arena,Easton,MA,,
679,2025,2A,2,A,TNST,COLG,0,0,0,0,AI,kgreene,Gentry Center,Nashville,TN,,
680,2025,2A,2,A,UAF,RMU,0,0,0,0,Acewulf,smackemz ,Carlson Center,Fairbanks,AK,,
681,2025,2A,2,A,UNO,LSS,0,0,0,0,Alexfall,AI,Baxter Arena,Omaha,NE,,
682,2025,2A,2,A,VT,OSU,0,0,0,0,KWheeler,AI,Gutterson Fieldhouse,Burlington,VT,,
683,2025,2A,2,A,WISC,MNSU,0,0,0,0,Bundy,AI,Kohl Center,Madison,WI,,
684,2025,2A,2,A,YALE,SFU,0,0,0,0,AI,AI,Ingalls Rink,New Haven,CT,,
685,2025,2B,2,B,ARMY,STCL,0,0,0,0,AI,AI,Tate Rink,West Point,NY,,
686,2025,2B,2,B,ASU,QUIN,0,0,0,0,Groot,AI,Mullett Arena,Tempe,AZ,,
687,2025,2B,2,B,BING,BRWN,0,0,0,0,AI,AI,Visions Veterans Memorial Arena,Binghamton,NY,,
688,2025,2B,2,B,BSU,MND,0,0,0,0,SageBow,TuscanSota,Sanford Center,Bemidji,MN,,
689,2025,2B,2,B,CONN,STON,0,0,0,0,AI,AI,Toscano Family Ice Forum,Storrs,CT,,
690,2025,2B,2,B,COR,CANI,0,0,0,0,Coach123,AI,Lynah Rink,Ithaca,NY,,
691,2025,2B,2,B,DU,MICH,0,0,0,0,Ricky Campbell,Spoof,Magness Rena,Denver,CO,,
692,2025,2B,2,B,LIND,COLG,0,0,0,0,AI,kgreene,Centene Community Ice Center,St. Charles,MO,,
693,2025,2B,2,B,MASS,STL,0,0,0,0,AI,AI,Mullins Center,Amherst,MA,,
694,2025,2B,2,B,MIAO,BENT,0,0,0,0,AI,AI,Goggin Ice Center,Oxford,OH,,
695,2025,2B,2,B,MINOT,AGUS,0,0,0,0,AI,ObliviousLAX,Maysa Arena,Minot,ND,,
696,2025,2B,2,B,MNSU,WISC,0,0,0,0,AI,Bundy,Mayo Clinic Health System Event Center,Mankato,MN,,
697,2025,2B,2,B,MRCY,LSS,0,0,0,0,The Liberator,AI,Mercyhurst Ice Center,Erie,PA,,
698,2025,2B,2,B,MSU,BGSU,0,0,0,0,AI,PoopyRhinoPickle,Munn Ice Arena,East Lansing,MI,,
699,2025,2B,2,B,MTU,TNST,0,0,0,0,AI,AI,MacInnes Student Ice Arena,Houghton,MI,,
700,2025,2B,2,B,ND,BU,0,0,0,0,Zesco,jmjacobs,Compton Family Ice Arena,South Bend,IN,,
701,2025,2B,2,B,NE,NU,0,0,0,0,AI,AI,Matthews Arena,Boston,MA,,
702,2025,2B,2,B,OLAF,FRST,0,0,0,0,AI,AI,Skoglund Athletic Center,Northfield,MN,,
703,2025,2B,2,B,OSU,VT,0,0,0,0,AI,KWheeler,Value City Arena,Columbus,OH,,
704,2025,2B,2,B,PROV,MINN,0,0,0,0,AI,CoachCartier,Schneider Arena,Providence,RI,,
705,2025,2B,2,B,RIT,BC,0,0,0,0,AI,nemolee.exe,Gene Polisseni Center,Rochester,NY,,
706,2025,2B,2,B,RMU,UAF,0,0,0,0,smackemz ,Acewulf,Clearview Arena,Moon Township,PA,,
707,2025,2B,2,B,RPI,SHU,0,0,0,0,AI,AI,Houston Field House,Troy,NY,,
708,2025,2B,2,B,SFU,YALE,0,0,0,0,AI,AI,Bill Copeland Sports Centre,Vancouver,BC,,
709,2025,2B,2,B,STMN,DART,0,0,0,0,AI,AI,Lee and Penny Anderson Arena,Saint Paul,MN,,
710,2025,2B,2,B,UAA,LIU,0,0,0,0,Kirby,Subsequent,Sullivan Arena,Anchorage,AK,,
711,2025,2B,2,B,UAH,PRIN,0,0,0,0,AI,AI,Von Braun Center,Huntsville,AL,,
712,2025,2B,2,B,UML,PNST,0,0,0,0,AI,Rocketcan,Tsongas Center,Lowell,MA,,
713,2025,2B,2,B,UND,ME,0,0,0,0,taffyowner,AI,Ralph Engelstad Arena,Grand Forks,ND,,
714,2025,2B,2,B,UNH,AIC,0,0,0,0,AI,Dr_Novella,Whittemore Center,Durham,NH,,
715,2025,2B,2,B,UNION,MRMK,0,0,0,0,AI,AI,Achilles Rink,Schenectady,NY,,
716,2025,2B,2,B,UNLV,CLRK,0,0,0,0,AI,Paradoxic,City National Arena,Las Vegas,NV,,
717,2025,2B,2,B,UNO,NMU,0,0,0,0,Alexfall,AI,Baxter Arena,Omaha,NE,,
718,2025,2B,2,B,USAF,CC,0,0,0,0,AI,AI,Cadet Ice Arena,Colorado Springs,CO,,
719,2025,2B,2,B,WMU,HC,0,0,0,0,Jieret,JC.,Lawson Arena,Kalamazoo,MI,,
720,2025,2B,2,B,WVU,HARV,0,0,0,0,AI,AI,Wesbanco Arena,Morgantown,WV,,
721,2025,3A,3,A,AGUS,USAF,0,0,0,0,ObliviousLAX,AI,Midco Arena,Sioux Falls,SD,,
722,2025,3A,3,A,AIC,UNO,0,0,0,0,Dr_Novella,Alexfall,MassMutual Center,Springfield,MA,,
723,2025,3A,3,A,ASU,MNSU,0,0,0,0,Groot,AI,Mullett Arena,Tempe,AZ,,
724,2025,3A,3,A,BC,OLAF,0,0,0,0,nemolee.exe,AI,Conte Forum,Chestnut Hill,MA,,
725,2025,3A,3,A,BENT,MRMK,0,0,0,0,AI,AI,Bentley Arena,Waltham,MA,,
726,2025,3A,3,A,BING,MINOT,0,0,0,0,AI,AI,Visions Veterans Memorial Arena,Binghamton,NY,,
727,2025,3A,3,A,BSU,WMU,0,0,0,0,SageBow,Jieret,Sanford Center,Bemidji,MN,,
728,2025,3A,3,A,CANI,LSS,0,0,0,0,AI,AI,LECOM Harborcenter,Buffalo,NY,,
729,2025,3A,3,A,CC,MASS,0,0,0,0,AI,AI,Ed Robson Arena,Colorado Springs,CO,,
730,2025,3A,3,A,COLG,ND,0,0,0,0,kgreene,Zesco,Class of 1965 Arena,Colgate,NY,,
731,2025,3A,3,A,DART,ME,0,0,0,0,AI,AI,Thompson Arena,Hanover,NH,,
732,2025,3A,3,A,DU,PROV,0,0,0,0,Ricky Campbell,AI,Magness Rena,Denver,CO,,
733,2025,3A,3,A,HARV,LIND,0,0,0,0,AI,AI,Bright-Landry Hockey Center,Cambridge,MA,,
734,2025,3A,3,A,LIU,MRCY,0,0,0,0,Subsequent,The Liberator,Islanders Iceworks,Brooklyn,NY,,
735,2025,3A,3,A,MIAO,BU,0,0,0,0,AI,jmjacobs,Goggin Ice Center,Oxford,OH,,
736,2025,3A,3,A,MND,MINN,0,0,0,0,TuscanSota,CoachCartier,AMSOIL Arena,Duluth,MN,,
737,2025,3A,3,A,MTU,OSU,0,0,0,0,AI,AI,MacInnes Student Ice Arena,Houghton,MI,,
738,2025,3A,3,A,NE,BRWN,0,0,0,0,AI,AI,Matthews Arena,Boston,MA,,
739,2025,3A,3,A,NMU,PRIN,0,0,0,0,AI,AI,Berry Events Center,Marquette,MI,,
740,2025,3A,3,A,NU,UAH,0,0,0,0,AI,AI,Dwyer Arena,Lewiston,NY,,
741,2025,3A,3,A,PNST,RIT,0,0,0,0,Rocketcan,AI,Pegula Ice Arena,State College,PA,,
742,2025,3A,3,A,QUIN,VT,0,0,0,0,AI,KWheeler,M&T Bank Arena,Hamden,CT,,
743,2025,3A,3,A,RMU,CLRK,0,0,0,0,smackemz ,Paradoxic,Clearview Arena,Moon Township,PA,,
744,2025,3A,3,A,RPI,TNST,0,0,0,0,AI,AI,Houston Field House,Troy,NY,,
745,2025,3A,3,A,SHU,UNION,0,0,0,0,AI,AI,Martire Family Arena,Fairfield,CT,,
746,2025,3A,3,A,STCL,CONN,0,0,0,0,AI,AI,Herb Brooks National Hockey Center,St. Cloud,MN,,
747,2025,3A,3,A,STL,BGSU,0,0,0,0,AI,PoopyRhinoPickle,Appleton Arena,Canton,NY,,
748,2025,3A,3,A,STON,FRST,0,0,0,0,AI,AI,Bridgewater Ice Arena,Easton,MA,,
749,2025,3A,3,A,UAA,MICH,0,0,0,0,Kirby,Spoof,Sullivan Arena,Anchorage,AK,,
750,2025,3A,3,A,UAF,HC,0,0,0,0,Acewulf,JC.,Carlson Center,Fairbanks,AK,,
751,2025,3A,3,A,UML,ARMY,0,0,0,0,AI,AI,Tsongas Center,Lowell,MA,,
752,2025,3A,3,A,UNH,MSU,0,0,0,0,AI,AI,Whittemore Center,Durham,NH,,
753,2025,3A,3,A,UNLV,COR,0,0,0,0,AI,Coach123,City National Arena,Las Vegas,NV,,
754,2025,3A,3,A,WISC,UND,0,0,0,0,Bundy,taffyowner,Kohl Center,Madison,WI,,
755,2025,3A,3,A,WVU,SFU,0,0,0,0,AI,AI,Wesbanco Arena,Morgantown,WV,,
756,2025,3A,3,A,YALE,STMN,0,0,0,0,AI,AI,Ingalls Rink,New Haven,CT,,
757,2025,3B,3,B,AGUS,STON,0,0,0,0,ObliviousLAX,AI,Midco Arena,Sioux Falls,SD,,
758,2025,3B,3,B,ARMY,UML,0,0,0,0,AI,AI,Tate Rink,West Point,NY,,
759,2025,3B,3,B,ASU,BGSU,0,0,0,0,Groot,PoopyRhinoPickle,Mullett Arena,Tempe,AZ,,
760,2025,3B,3,B,BRWN,NE,0,0,0,0,AI,AI,Meehan Auditorium,Providence,RI,,
761,2025,3B,3,B,BU,MIAO,0,0,0,0,jmjacobs,AI,Agganis Arena,Boston,MA,,
762,2025,3B,3,B,CLRK,RMU,0,0,0,0,Paradoxic,smackemz ,Cheel Arena,Potsdam,NY,,
763,2025,3B,3,B,CONN,STCL,0,0,0,0,AI,AI,Toscano Family Ice Forum,Storrs,CT,,
764,2025,3B,3,B,COR,UNLV,0,0,0,0,Coach123,AI,Lynah Rink,Ithaca,NY,,
765,2025,3B,3,B,FRST,USAF,0,0,0,0,AI,AI,Ewigleben Arena,Big Rapids,MI,,
766,2025,3B,3,B,HC,UAF,0,0,0,0,JC.,Acewulf,Hart Center,Worcester,MA,,
767,2025,3B,3,B,LIND,HARV,0,0,0,0,AI,AI,Centene Community Ice Center,St. Charles,MO,,
768,2025,3B,3,B,LSS,CANI,0,0,0,0,AI,AI,Taffy Abel Arena,Sault Ste. Marie,MI,,
769,2025,3B,3,B,MASS,CC,0,0,0,0,AI,AI,Mullins Center,Amherst,MA,,
770,2025,3B,3,B,ME,DART,0,0,0,0,AI,AI,Harold Alfond Sports Arena,Orono,ME,,
771,2025,3B,3,B,MICH,UAA,0,0,0,0,Spoof,Kirby,Yost Ice Arena,Ann Arbor,MI,,
772,2025,3B,3,B,MINN,MND,0,0,0,0,CoachCartier,TuscanSota,Mariucci Arena,Minneapolis,MN,,
773,2025,3B,3,B,MINOT,UAH,0,0,0,0,AI,AI,Maysa Arena,Minot,ND,,
774,2025,3B,3,B,MRCY,LIU,0,0,0,0,The Liberator,Subsequent,Mercyhurst Ice Center,Erie,PA,,
775,2025,3B,3,B,MRMK,BENT,0,0,0,0,AI,AI,J. Thom Lawler Rink,North Andover,MA,,
776,2025,3B,3,B,MSU,UNH,0,0,0,0,AI,AI,Munn Ice Arena,East Lansing,MI,,
777,2025,3B,3,B,ND,COLG,0,0,0,0,Zesco,kgreene,Compton Family Ice Arena,South Bend,IN,,
778,2025,3B,3,B,NMU,YALE,0,0,0,0,AI,AI,Berry Events Center,Marquette,MI,,
779,2025,3B,3,B,NU,BING,0,0,0,0,AI,AI,Dwyer Arena,Lewiston,NY,,
780,2025,3B,3,B,OLAF,BC,0,0,0,0,AI,nemolee.exe,Skoglund Athletic Center,Northfield,MN,,
781,2025,3B,3,B,OSU,MTU,0,0,0,0,AI,AI,Value City Arena,Columbus,OH,,
782,2025,3B,3,B,PRIN,STMN,0,0,0,0,AI,AI,Hobey Baker Memorial Rink,Princeton,NJ,,
783,2025,3B,3,B,PROV,DU,0,0,0,0,AI,Ricky Campbell,Schneider Arena,Providence,RI,,
784,2025,3B,3,B,RIT,PNST,0,0,0,0,AI,Rocketcan,Gene Polisseni Center,Rochester,NY,,
785,2025,3B,3,B,SFU,WVU,0,0,0,0,AI,AI,Bill Copeland Sports Centre,Vancouver,BC,,
786,2025,3B,3,B,STL,MNSU,0,0,0,0,AI,AI,Appleton Arena,Canton,NY,,
787,2025,3B,3,B,TNST,RPI,0,0,0,0,AI,AI,Gentry Center,Nashville,TN,,
788,2025,3B,3,B,UND,WISC,0,0,0,0,taffyowner,Bundy,Ralph Engelstad Arena,Grand Forks,ND,,
789,2025,3B,3,B,UNION,SHU,0,0,0,0,AI,AI,Achilles Rink,Schenectady,NY,,
790,2025,3B,3,B,UNO,AIC,0,0,0,0,Alexfall,Dr_Novella,Baxter Arena,Omaha,NE,,
791,2025,3B,3,B,VT,QUIN,0,0,0,0,KWheeler,AI,Gutterson Fieldhouse,Burlington,VT,,
792,2025,3B,3,B,WMU,BSU,0,0,0,0,Jieret,SageBow,Lawson Arena,Kalamazoo,MI,,
793,2025,4A,4,A,AIC,UND,0,0,0,0,Dr_Novella,taffyowner,MassMutual Center,Springfield,MA,,
794,2025,4A,4,A,ARMY,MSU,0,0,0,0,AI,AI,Tate Rink,West Point,NY,,
795,2025,4A,4,A,ASU,ND,0,0,0,0,Groot,Zesco,Mullett Arena,Tempe,AZ,,
796,2025,4A,4,A,BENT,MIAO,0,0,0,0,AI,AI,Bentley Arena,Waltham,MA,,
797,2025,4A,4,A,BRWN,SFU,0,0,0,0,AI,AI,Meehan Auditorium,Providence,RI,,
798,2025,4A,4,A,BU,YALE,0,0,0,0,jmjacobs,AI,Agganis Arena,Boston,MA,,
799,2025,4A,4,A,CC,AGUS,0,0,0,0,AI,ObliviousLAX,Ed Robson Arena,Colorado Springs,CO,,
800,2025,4A,4,A,CLRK,VT,0,0,0,0,Paradoxic,KWheeler,Cheel Arena,Potsdam,NY,,
801,2025,4A,4,A,COLG,WVU,0,0,0,0,kgreene,AI,Class of 1965 Arena,Colgate,NY,,
802,2025,4A,4,A,CONN,UNION,0,0,0,0,AI,AI,Toscano Family Ice Forum,Storrs,CT,,
803,2025,4A,4,A,COR,LIND,0,0,0,0,Coach123,AI,Lynah Rink,Ithaca,NY,,
804,2025,4A,4,A,FRST,DU,0,0,0,0,AI,Ricky Campbell,Ewigleben Arena,Big Rapids,MI,,
805,2025,4A,4,A,HC,BSU,0,0,0,0,JC.,SageBow,Hart Center,Worcester,MA,,
806,2025,4A,4,A,MASS,RPI,0,0,0,0,AI,AI,Mullins Center,Amherst,MA,,
807,2025,4A,4,A,MICH,RMU,0,0,0,0,Spoof,smackemz ,Yost Ice Arena,Ann Arbor,MI,,
808,2025,4A,4,A,MNSU,CANI,0,0,0,0,AI,AI,Mayo Clinic Health System Event Center,Mankato,MN,,
809,2025,4A,4,A,MTU,PROV,0,0,0,0,AI,AI,MacInnes Student Ice Arena,Houghton,MI,,
810,2025,4A,4,A,NE,LSS,0,0,0,0,AI,AI,Matthews Arena,Boston,MA,,
811,2025,4A,4,A,NMU,MRMK,0,0,0,0,AI,AI,Berry Events Center,Marquette,MI,,
812,2025,4A,4,A,NU,OLAF,0,0,0,0,AI,AI,Dwyer Arena,Lewiston,NY,,
813,2025,4A,4,A,OSU,USAF,0,0,0,0,AI,AI,Value City Arena,Columbus,OH,,
814,2025,4A,4,A,PNST,ME,0,0,0,0,Rocketcan,AI,Pegula Ice Arena,State College,PA,,
815,2025,4A,4,A,PRIN,MINOT,0,0,0,0,AI,AI,Hobey Baker Memorial Rink,Princeton,NJ,,
816,2025,4A,4,A,QUIN,BC,0,0,0,0,AI,nemolee.exe,M&T Bank Arena,Hamden,CT,,
817,2025,4A,4,A,RIT,STON,0,0,0,0,AI,AI,Gene Polisseni Center,Rochester,NY,,
818,2025,4A,4,A,SHU,STCL,0,0,0,0,AI,AI,Martire Family Arena,Fairfield,CT,,
819,2025,4A,4,A,STMN,BING,0,0,0,0,AI,AI,Lee and Penny Anderson Arena,Saint Paul,MN,,
820,2025,4A,4,A,TNST,UNLV,0,0,0,0,AI,AI,Gentry Center,Nashville,TN,,
821,2025,4A,4,A,UAA,MND,0,0,0,0,Kirby,TuscanSota,Sullivan Arena,Anchorage,AK,,
822,2025,4A,4,A,UAF,MRCY,0,0,0,0,Acewulf,The Liberator,Carlson Center,Fairbanks,AK,,
823,2025,4A,4,A,UAH,DART,0,0,0,0,AI,AI,Von Braun Center,Huntsville,AL,,
824,2025,4A,4,A,UML,STL,0,0,0,0,AI,AI,Tsongas Center,Lowell,MA,,
825,2025,4A,4,A,UNH,HARV,0,0,0,0,AI,AI,Whittemore Center,Durham,NH,,
826,2025,4A,4,A,UNO,MINN,0,0,0,0,Alexfall,CoachCartier,Baxter Arena,Omaha,NE,,
827,2025,4A,4,A,WISC,LIU,0,0,0,0,Bundy,Subsequent,Kohl Center,Madison,WI,,
828,2025,4A,4,A,WMU,BGSU,0,0,0,0,Jieret,PoopyRhinoPickle,Lawson Arena,Kalamazoo,MI,,
829,2025,4B,4,B,ASU,UNO,1,0,0,0,Groot,Alexfall,Mullett Arena,Tempe,AZ,,
830,2025,4B,4,B,BC,QUIN,0,0,0,0,nemolee.exe,AI,Conte Forum,Chestnut Hill,MA,,
831,2025,4B,4,B,BENT,NU,1,0,0,0,AI,AI,Bentley Arena,Waltham,MA,,
832,2025,4B,4,B,BGSU,NE,0,0,0,0,PoopyRhinoPickle,AI,Slater Family Ice Arena,Bowling Green,OH,,
833,2025,4B,4,B,BING,OLAF,0,0,0,0,AI,AI,Visions Veterans Memorial Arena,Binghamton,NY,,
834,2025,4B,4,B,BSU,AGUS,1,0,0,0,SageBow,ObliviousLAX,Sanford Center,Bemidji,MN,,
835,2025,4B,4,B,CANI,ND,0,0,0,0,AI,Zesco,LECOM Harborcenter,Buffalo,NY,,
836,2025,4B,4,B,DART,UAH,0,0,0,0,AI,AI,Thompson Arena,Hanover,NH,,
837,2025,4B,4,B,DU,WMU,1,0,0,0,Ricky Campbell,Jieret,Magness Rena,Denver,CO,,
838,2025,4B,4,B,HARV,UNH,0,0,0,0,AI,AI,Bright-Landry Hockey Center,Cambridge,MA,,
839,2025,4B,4,B,LIND,COR,0,0,0,0,AI,Coach123,Centene Community Ice Center,St. Charles,MO,,
840,2025,4B,4,B,ME,PNST,0,0,0,0,AI,Rocketcan,Harold Alfond Sports Arena,Orono,ME,,
841,2025,4B,4,B,MIAO,CC,1,0,0,0,AI,AI,Goggin Ice Center,Oxford,OH,,
842,2025,4B,4,B,MINN,ARMY,0,0,0,0,CoachCartier,AI,Mariucci Arena,Minneapolis,MN,,
843,2025,4B,4,B,MINOT,PRIN,0,0,0,0,AI,AI,Maysa Arena,Minot,ND,,
844,2025,4B,4,B,MNSU,MTU,1,0,0,0,AI,AI,Mayo Clinic Health System Event Center,Mankato,MN,,
845,2025,4B,4,B,MRCY,UAF,0,0,0,0,The Liberator,Acewulf,Mercyhurst Ice Center,Erie,PA,,
846,2025,4B,4,B,MRMK,HC,0,0,0,0,AI,JC.,J. Thom Lawler Rink,North Andover,MA,,
847,2025,4B,4,B,NMU,LSS,1,0,0,0,AI,AI,Berry Events Center,Marquette,MI,,
848,2025,4B,4,B,PROV,MSU,0,0,0,0,AI,AI,Schneider Arena,Providence,RI,,
849,2025,4B,4,B,RIT,OSU,0,0,0,0,AI,AI,Gene Polisseni Center,Rochester,NY,,
850,2025,4B,4,B,RPI,MASS,0,0,0,0,AI,AI,Houston Field House,Troy,NY,,
851,2025,4B,4,B,SFU,BRWN,0,0,0,0,AI,AI,Bill Copeland Sports Centre,Vancouver,BC,,
852,2025,4B,4,B,SHU,RMU,1,0,0,0,AI,smackemz ,Martire Family Arena,Fairfield,CT,,
853,2025,4B,4,B,STCL,MICH,0,0,0,0,AI,Spoof,Herb Brooks National Hockey Center,St. Cloud,MN,,
854,2025,4B,4,B,STL,UML,0,0,0,0,AI,AI,Appleton Arena,Canton,NY,,
855,2025,4B,4,B,STMN,FRST,1,0,0,0,AI,AI,Lee and Penny Anderson Arena,Saint Paul,MN,,
856,2025,4B,4,B,STON,LIU,0,0,0,0,AI,Subsequent,Bridgewater Ice Arena,Easton,MA,,
857,2025,4B,4,B,UAA,WISC,0,0,0,0,Kirby,Bundy,Sullivan Arena,Anchorage,AK,,
858,2025,4B,4,B,UND,MND,1,0,0,0,taffyowner,TuscanSota,Ralph Engelstad Arena,Grand Forks,ND,,
859,2025,4B,4,B,UNION,CONN,0,0,0,0,AI,AI,Achilles Rink,Schenectady,NY,,
860,2025,4B,4,B,UNLV,TNST,0,0,0,0,AI,AI,City National Arena,Las Vegas,NV,,
861,2025,4B,4,B,USAF,AIC,1,0,0,0,AI,Dr_Novella,Cadet Ice Arena,Colorado Springs,CO,,
862,2025,4B,4,B,VT,CLRK,0,0,0,0,KWheeler,Paradoxic,Gutterson Fieldhouse,Burlington,VT,,
863,2025,4B,4,B,WVU,COLG,0,0,0,0,AI,kgreene,Wesbanco Arena,Morgantown,WV,,
864,2025,4B,4,B,YALE,BU,0,0,0,0,AI,jmjacobs,Ingalls Rink,New Haven,CT,,
865,2025,5A,5,A,AGUS,UNH,0,0,0,0,ObliviousLAX,AI,Midco Arena,Sioux Falls,SD,,
866,2025,5A,5,A,ARMY,HC,1,0,0,0,AI,JC.,Tate Rink,West Point,NY,,
867,2025,5A,5,A,BGSU,NMU,1,0,0,0,PoopyRhinoPickle,AI,Slater Family Ice Arena,Bowling Green,OH,,
868,2025,5A,5,A,BSU,STMN,1,0,0,0,SageBow,AI,Sanford Center,Bemidji,MN,,
869,2025,5A,5,A,CANI,AIC,1,0,0,0,AI,Dr_Novella,LECOM Harborcenter,Buffalo,NY,,
870,2025,5A,5,A,CC,WMU,1,0,0,0,AI,Jieret,Ed Robson Arena,Colorado Springs,CO,,
871,2025,5A,5,A,CLRK,BING,0,0,0,0,Paradoxic,AI,Cheel Arena,Potsdam,NY,,
872,2025,5A,5,A,COLG,TNST,0,0,0,0,kgreene,AI,Class of 1965 Arena,Colgate,NY,,
873,2025,5A,5,A,CONN,LIND,0,0,0,0,AI,AI,Toscano Family Ice Forum,Storrs,CT,,
874,2025,5A,5,A,COR,UML,0,0,0,0,Coach123,AI,Lynah Rink,Ithaca,NY,,
875,2025,5A,5,A,DU,STCL,1,0,0,0,Ricky Campbell,AI,Magness Rena,Denver,CO,,
876,2025,5A,5,A,FRST,MNSU,1,0,0,0,AI,AI,Ewigleben Arena,Big Rapids,MI,,
877,2025,5A,5,A,HARV,MASS,0,0,0,0,AI,AI,Bright-Landry Hockey Center,Cambridge,MA,,
878,2025,5A,5,A,LIU,BC,0,0,0,0,Subsequent,nemolee.exe,Islanders Iceworks,Brooklyn,NY,,
879,2025,5A,5,A,LSS,MTU,1,0,0,0,AI,AI,Taffy Abel Arena,Sault Ste. Marie,MI,,
880,2025,5A,5,A,ME,STON,0,0,0,0,AI,AI,Harold Alfond Sports Arena,Orono,ME,,
881,2025,5A,5,A,MIAO,UNO,1,0,0,0,AI,Alexfall,Goggin Ice Center,Oxford,OH,,
882,2025,5A,5,A,MICH,ASU,0,0,0,0,Spoof,Groot,Yost Ice Arena,Ann Arbor,MI,,
883,2025,5A,5,A,MINN,PNST,1,0,0,0,CoachCartier,Rocketcan,Mariucci Arena,Minneapolis,MN,,
884,2025,5A,5,A,MND,UND,1,0,0,0,TuscanSota,taffyowner,AMSOIL Arena,Duluth,MN,,
885,2025,5A,5,A,MRCY,BENT,1,0,0,0,The Liberator,AI,Mercyhurst Ice Center,Erie,PA,,
886,2025,5A,5,A,MRMK,BRWN,0,0,0,0,AI,AI,J. Thom Lawler Rink,North Andover,MA,,
887,2025,5A,5,A,MSU,WISC,1,0,0,0,AI,Bundy,Munn Ice Arena,East Lansing,MI,,
888,2025,5A,5,A,ND,OSU,1,0,0,0,Zesco,AI,Compton Family Ice Arena,South Bend,IN,,
889,2025,5A,5,A,NE,PRIN,0,0,0,0,AI,AI,Matthews Arena,Boston,MA,,
890,2025,5A,5,A,QUIN,UNLV,0,0,0,0,AI,AI,M&T Bank Arena,Hamden,CT,,
891,2025,5A,5,A,RMU,PROV,0,0,0,0,smackemz ,AI,Clearview Arena,Moon Township,PA,,
892,2025,5A,5,A,SFU,DART,0,0,0,0,AI,AI,Bill Copeland Sports Centre,Vancouver,BC,,
893,2025,5A,5,A,SHU,NU,1,0,0,0,AI,AI,Martire Family Arena,Fairfield,CT,,
894,2025,5A,5,A,STL,OLAF,0,0,0,0,AI,AI,Appleton Arena,Canton,NY,,
895,2025,5A,5,A,UAA,BU,0,0,0,0,Kirby,jmjacobs,Sullivan Arena,Anchorage,AK,,
896,2025,5A,5,A,UAF,VT,0,0,0,0,Acewulf,KWheeler,Carlson Center,Fairbanks,AK,,
897,2025,5A,5,A,UAH,RPI,0,0,0,0,AI,AI,Von Braun Center,Huntsville,AL,,
898,2025,5A,5,A,USAF,RIT,1,0,0,0,AI,AI,Cadet Ice Arena,Colorado Springs,CO,,
899,2025,5A,5,A,WVU,UNION,0,0,0,0,AI,AI,Wesbanco Arena,Morgantown,WV,,
900,2025,5A,5,A,YALE,MINOT,0,0,0,0,AI,AI,Ingalls Rink,New Haven,CT,,
901,2025,5B,5,B,BC,LIU,0,0,0,0,nemolee.exe,Subsequent,Conte Forum,Chestnut Hill,MA,,
902,2025,5B,5,B,BENT,CANI,1,0,0,0,AI,AI,Bentley Arena,Waltham,MA,,
903,2025,5B,5,B,BING,CLRK,0,0,0,0,AI,Paradoxic,Visions Veterans Memorial Arena,Binghamton,NY,,
904,2025,5B,5,B,BRWN,MRMK,0,0,0,0,AI,AI,Meehan Auditorium,Providence,RI,,
905,2025,5B,5,B,BU,UAA,0,0,0,0,jmjacobs,Kirby,Agganis Arena,Boston,MA,,
906,2025,5B,5,B,CONN,VT,1,0,0,0,AI,KWheeler,Toscano Family Ice Forum,Storrs,CT,,
907,2025,5B,5,B,DART,SFU,0,0,0,0,AI,AI,Thompson Arena,Hanover,NH,,
908,2025,5B,5,B,HARV,UAF,0,0,0,0,AI,Acewulf,Bright-Landry Hockey Center,Cambridge,MA,,
909,2025,5B,5,B,HC,SHU,1,0,0,0,JC.,AI,Hart Center,Worcester,MA,,
910,2025,5B,5,B,LSS,FRST,1,0,0,0,AI,AI,Taffy Abel Arena,Sault Ste. Marie,MI,,
911,2025,5B,5,B,MASS,LIND,0,0,0,0,AI,AI,Mullins Center,Amherst,MA,,
912,2025,5B,5,B,MICH,MSU,1,0,0,0,Spoof,AI,Yost Ice Arena,Ann Arbor,MI,,
913,2025,5B,5,B,MINOT,YALE,0,0,0,0,AI,AI,Maysa Arena,Minot,ND,,
914,2025,5B,5,B,MND,MIAO,1,0,0,0,TuscanSota,AI,AMSOIL Arena,Duluth,MN,,
915,2025,5B,5,B,MNSU,BSU,1,0,0,0,AI,SageBow,Mayo Clinic Health System Event Center,Mankato,MN,,
916,2025,5B,5,B,MRCY,RMU,1,0,0,0,The Liberator,smackemz ,Mercyhurst Ice Center,Erie,PA,,
917,2025,5B,5,B,MTU,BGSU,1,0,0,0,AI,PoopyRhinoPickle,MacInnes Student Ice Arena,Houghton,MI,,
918,2025,5B,5,B,NMU,STCL,0,0,0,0,AI,AI,Berry Events Center,Marquette,MI,,
919,2025,5B,5,B,NU,AIC,1,0,0,0,AI,Dr_Novella,Dwyer Arena,Lewiston,NY,,
920,2025,5B,5,B,OLAF,STL,0,0,0,0,AI,AI,Skoglund Athletic Center,Northfield,MN,,
921,2025,5B,5,B,PNST,ND,1,0,0,0,Rocketcan,Zesco,Pegula Ice Arena,State College,PA,,
922,2025,5B,5,B,PRIN,NE,0,0,0,0,AI,AI,Hobey Baker Memorial Rink,Princeton,NJ,,
923,2025,5B,5,B,RIT,ARMY,1,0,0,0,AI,AI,Gene Polisseni Center,Rochester,NY,,
924,2025,5B,5,B,RPI,UAH,0,0,0,0,AI,AI,Houston Field House,Troy,NY,,
925,2025,5B,5,B,STMN,AGUS,1,0,0,0,AI,ObliviousLAX,Lee and Penny Anderson Arena,Saint Paul,MN,,
926,2025,5B,5,B,STON,ME,0,0,0,0,AI,AI,Bridgewater Ice Arena,Easton,MA,,
927,2025,5B,5,B,TNST,COLG,0,0,0,0,AI,kgreene,Gentry Center,Nashville,TN,,
928,2025,5B,5,B,UML,COR,0,0,0,0,AI,Coach123,Tsongas Center,Lowell,MA,,
929,2025,5B,5,B,UND,DU,1,0,0,0,taffyowner,Ricky Campbell,Ralph Engelstad Arena,Grand Forks,ND,,
930,2025,5B,5,B,UNH,PROV,1,0,0,0,AI,AI,Whittemore Center,Durham,NH,,
931,2025,5B,5,B,UNION,WVU,0,0,0,0,AI,AI,Achilles Rink,Schenectady,NY,,
932,2025,5B,5,B,UNLV,QUIN,0,0,0,0,AI,AI,City National Arena,Las Vegas,NV,,
933,2025,5B,5,B,UNO,CC,1,0,0,0,Alexfall,AI,Baxter Arena,Omaha,NE,,
934,2025,5B,5,B,USAF,OSU,0,0,0,0,AI,AI,Cadet Ice Arena,Colorado Springs,CO,,
935,2025,5B,5,B,WISC,MINN,1,0,0,0,Bundy,CoachCartier,Kohl Center,Madison,WI,,
936,2025,5B,5,B,WMU,ASU,1,0,0,0,Jieret,Groot,Lawson Arena,Kalamazoo,MI,,
937,2025,6A,6,A,AGUS,NMU,1,0,0,0,ObliviousLAX,AI,Midco Arena,Sioux Falls,SD,,
938,2025,6A,6,A,AIC,ARMY,1,0,0,0,Dr_Novella,AI,MassMutual Center,Springfield,MA,,
939,2025,6A,6,A,ASU,STCL,1,0,0,0,Groot,AI,Mullett Arena,Tempe,AZ,,
940,2025,6A,6,A,BC,PROV,1,0,0,0,nemolee.exe,AI,Conte Forum,Chestnut Hill,MA,,
941,2025,6A,6,A,BGSU,FRST,1,0,0,0,PoopyRhinoPickle,AI,Slater Family Ice Arena,Bowling Green,OH,,
942,2025,6A,6,A,BRWN,LIND,0,0,0,0,AI,AI,Meehan Auditorium,Providence,RI,,
943,2025,6A,6,A,BSU,LSS,1,0,0,0,SageBow,AI,Sanford Center,Bemidji,MN,,
944,2025,6A,6,A,CANI,USAF,1,0,0,0,AI,AI,LECOM Harborcenter,Buffalo,NY,,
945,2025,6A,6,A,CC,MND,1,0,0,0,AI,TuscanSota,Ed Robson Arena,Colorado Springs,CO,,
946,2025,6A,6,A,COLG,UAA,0,0,0,0,kgreene,Kirby,Class of 1965 Arena,Colgate,NY,,
947,2025,6A,6,A,CONN,UML,1,0,0,0,AI,AI,Toscano Family Ice Forum,Storrs,CT,,
948,2025,6A,6,A,COR,BING,0,0,0,0,Coach123,AI,Lynah Rink,Ithaca,NY,,
949,2025,6A,6,A,DU,MIAO,1,0,0,0,Ricky Campbell,AI,Magness Rena,Denver,CO,,
950,2025,6A,6,A,LIU,CLRK,0,0,0,0,Subsequent,Paradoxic,Islanders Iceworks,Brooklyn,NY,,
951,2025,6A,6,A,MASS,BU,1,0,0,0,AI,jmjacobs,Mullins Center,Amherst,MA,,
952,2025,6A,6,A,MINN,MICH,1,0,0,0,CoachCartier,Spoof,Mariucci Arena,Minneapolis,MN,,
953,2025,6A,6,A,MINOT,WVU,0,0,0,0,AI,AI,Maysa Arena,Minot,ND,,
954,2025,6A,6,A,MRMK,ME,1,0,0,0,AI,AI,J. Thom Lawler Rink,North Andover,MA,,
955,2025,6A,6,A,MSU,BENT,0,0,0,0,AI,AI,Munn Ice Arena,East Lansing,MI,,
956,2025,6A,6,A,MTU,UND,0,0,0,0,AI,taffyowner,MacInnes Student Ice Arena,Houghton,MI,,
957,2025,6A,6,A,ND,WISC,1,0,0,0,Zesco,Bundy,Compton Family Ice Arena,South Bend,IN,,
958,2025,6A,6,A,NU,MRCY,1,0,0,0,AI,The Liberator,Dwyer Arena,Lewiston,NY,,
959,2025,6A,6,A,OLAF,RPI,0,0,0,0,AI,AI,Skoglund Athletic Center,Northfield,MN,,
960,2025,6A,6,A,OSU,PNST,1,0,0,0,AI,Rocketcan,Value City Arena,Columbus,OH,,
961,2025,6A,6,A,RIT,SHU,1,0,0,0,AI,AI,Gene Polisseni Center,Rochester,NY,,
962,2025,6A,6,A,RMU,HC,1,0,0,0,smackemz ,JC.,Clearview Arena,Moon Township,PA,,
963,2025,6A,6,A,SFU,QUIN,0,0,0,0,AI,AI,Bill Copeland Sports Centre,Vancouver,BC,,
964,2025,6A,6,A,STL,NE,0,0,0,0,AI,AI,Appleton Arena,Canton,NY,,
965,2025,6A,6,A,STMN,MNSU,1,0,0,0,AI,AI,Lee and Penny Anderson Arena,Saint Paul,MN,,
966,2025,6A,6,A,STON,DART,0,0,0,0,AI,AI,Bridgewater Ice Arena,Easton,MA,,
967,2025,6A,6,A,TNST,PRIN,0,0,0,0,AI,AI,Gentry Center,Nashville,TN,,
968,2025,6A,6,A,UAF,HARV,0,0,0,0,Acewulf,AI,Carlson Center,Fairbanks,AK,,
969,2025,6A,6,A,UAH,UNION,0,0,0,0,AI,AI,Von Braun Center,Huntsville,AL,,
970,2025,6A,6,A,VT,UNH,1,0,0,0,KWheeler,AI,Gutterson Fieldhouse,Burlington,VT,,
971,2025,6A,6,A,WMU,UNO,1,0,0,0,Jieret,Alexfall,Lawson Arena,Kalamazoo,MI,,
972,2025,6A,6,A,YALE,UNLV,0,0,0,0,AI,AI,Ingalls Rink,New Haven,CT,,
973,2025,6B,6,B,AIC,PNST,0,0,0,0,Dr_Novella,Rocketcan,MassMutual Center,Springfield,MA,,
974,2025,6B,6,B,BC,UAF,0,0,0,0,nemolee.exe,Acewulf,Conte Forum,Chestnut Hill,MA,,
975,2025,6B,6,B,BGSU,BSU,1,0,0,0,PoopyRhinoPickle,SageBow,Slater Family Ice Arena,Bowling Green,OH,,
976,2025,6B,6,B,BING,COR,0,0,0,0,AI,Coach123,Visions Veterans Memorial Arena,Binghamton,NY,,
977,2025,6B,6,B,CANI,ARMY,1,0,0,0,AI,AI,LECOM Harborcenter,Buffalo,NY,,
978,2025,6B,6,B,CLRK,LIU,0,0,0,0,Paradoxic,Subsequent,Cheel Arena,Potsdam,NY,,
979,2025,6B,6,B,DART,MIAO,0,0,0,0,AI,AI,Thompson Arena,Hanover,NH,,
980,2025,6B,6,B,DU,CC,1,0,0,0,Ricky Campbell,AI,Magness Rena,Denver,CO,,
981,2025,6B,6,B,FRST,STL,0,0,0,0,AI,AI,Ewigleben Arena,Big Rapids,MI,,
982,2025,6B,6,B,HC,MRCY,1,0,0,0,JC.,The Liberator,Hart Center,Worcester,MA,,
983,2025,6B,6,B,LIND,BRWN,0,0,0,0,AI,AI,Centene Community Ice Center,St. Charles,MO,,
984,2025,6B,6,B,LSS,STMN,1,0,0,0,AI,AI,Taffy Abel Arena,Sault Ste. Marie,MI,,
985,2025,6B,6,B,ME,MASS,1,0,0,0,AI,AI,Harold Alfond Sports Arena,Orono,ME,,
986,2025,6B,6,B,MICH,ND,1,0,0,0,Spoof,Zesco,Yost Ice Arena,Ann Arbor,MI,,
987,2025,6B,6,B,MND,WMU,1,0,0,0,TuscanSota,Jieret,AMSOIL Arena,Duluth,MN,,
988,2025,6B,6,B,MNSU,AGUS,1,0,0,0,AI,ObliviousLAX,Mayo Clinic Health System Event Center,Mankato,MN,,
989,2025,6B,6,B,MRMK,NE,1,0,0,0,AI,AI,J. Thom Lawler Rink,North Andover,MA,,
990,2025,6B,6,B,MSU,MINN,1,0,0,0,AI,CoachCartier,Munn Ice Arena,East Lansing,MI,,
991,2025,6B,6,B,MTU,NMU,1,0,0,0,AI,AI,MacInnes Student Ice Arena,Houghton,MI,,
992,2025,6B,6,B,PRIN,TNST,0,0,0,0,AI,AI,Hobey Baker Memorial Rink,Princeton,NJ,,
993,2025,6B,6,B,PROV,CONN,1,0,0,0,AI,AI,Schneider Arena,Providence,RI,,
994,2025,6B,6,B,QUIN,SFU,0,0,0,0,AI,AI,M&T Bank Arena,Hamden,CT,,
995,2025,6B,6,B,RMU,RIT,1,0,0,0,smackemz ,AI,Clearview Arena,Moon Township,PA,,
996,2025,6B,6,B,RPI,OLAF,0,0,0,0,AI,AI,Houston Field House,Troy,NY,,
997,2025,6B,6,B,SHU,BENT,1,0,0,0,AI,AI,Martire Family Arena,Fairfield,CT,,
998,2025,6B,6,B,STON,HARV,0,0,0,0,AI,AI,Bridgewater Ice Arena,Easton,MA,,
999,2025,6B,6,B,UAA,COLG,0,0,0,0,Kirby,kgreene,Sullivan Arena,Anchorage,AK,,
1000,2025,6B,6,B,UML,VT,1,0,0,0,AI,KWheeler,Tsongas Center,Lowell,MA,,
1001,2025,6B,6,B,UND,STCL,1,0,0,0,taffyowner,AI,Ralph Engelstad Arena,Grand Forks,ND,,
1002,2025,6B,6,B,UNH,BU,1,0,0,0,AI,jmjacobs,Whittemore Center,Durham,NH,,
1003,2025,6B,6,B,UNION,UAH,0,0,0,0,AI,AI,Achilles Rink,Schenectady,NY,,
1004,2025,6B,6,B,UNLV,YALE,0,0,0,0,AI,AI,City National Arena,Las Vegas,NV,,
1005,2025,6B,6,B,UNO,ASU,1,0,0,0,Alexfall,Groot,Baxter Arena,Omaha,NE,,
1006,2025,6B,6,B,USAF,NU,1,0,0,0,AI,AI,Cadet Ice Arena,Colorado Springs,CO,,
1007,2025,6B,6,B,WISC,OSU,1,0,0,0,Bundy,AI,Kohl Center,Madison,WI,,
1008,2025,6B,6,B,WVU,MINOT,0,0,0,0,AI,AI,Wesbanco Arena,Morgantown,WV,,
1009,2025,7A,7,A,AGUS,MTU,1,0,0,0,ObliviousLAX,AI,Midco Arena,Sioux Falls,SD,,
1010,2025,7A,7,A,AIC,RMU,1,0,0,0,Dr_Novella,smackemz ,MassMutual Center,Springfield,MA,,
1011,2025,7A,7,A,ARMY,USAF,1,0,0,0,AI,AI,Tate Rink,West Point,NY,,
1012,2025,7A,7,A,ASU,UND,1,0,0,0,Groot,taffyowner,Mullett Arena,Tempe,AZ,,
1013,2025,7A,7,A,BENT,NU,1,0,0,0,AI,AI,Bentley Arena,Waltham,MA,,
1014,2025,7A,7,A,BING,UNLV,0,0,0,0,AI,AI,Visions Veterans Memorial Arena,Binghamton,NY,,
1015,2025,7A,7,A,BRWN,YALE,1,0,0,0,AI,AI,Meehan Auditorium,Providence,RI,,
1016,2025,7A,7,A,BSU,UAA,0,0,0,0,SageBow,Kirby,Sanford Center,Bemidji,MN,,
1017,2025,7A,7,A,BU,CONN,1,0,0,0,jmjacobs,AI,Agganis Arena,Boston,MA,,
1018,2025,7A,7,A,CC,SHU,0,0,0,0,AI,AI,Ed Robson Arena,Colorado Springs,CO,,
1019,2025,7A,7,A,CLRK,UNION,1,0,0,0,Paradoxic,AI,Cheel Arena,Potsdam,NY,,
1020,2025,7A,7,A,COLG,STL,1,0,0,0,kgreene,AI,Class of 1965 Arena,Colgate,NY,,
1021,2025,7A,7,A,COR,RPI,1,0,0,0,Coach123,AI,Lynah Rink,Ithaca,NY,,
1022,2025,7A,7,A,DART,QUIN,1,0,0,0,AI,AI,Thompson Arena,Hanover,NH,,
1023,2025,7A,7,A,HARV,PRIN,1,0,0,0,AI,AI,Bright-Landry Hockey Center,Cambridge,MA,,
1024,2025,7A,7,A,HC,RIT,1,0,0,0,JC.,AI,Hart Center,Worcester,MA,,
1025,2025,7A,7,A,LIND,STON,0,0,0,0,AI,AI,Centene Community Ice Center,St. Charles,MO,,
1026,2025,7A,7,A,MASS,BC,1,0,0,0,AI,nemolee.exe,Mullins Center,Amherst,MA,,
1027,2025,7A,7,A,MINN,ME,0,0,0,0,CoachCartier,AI,Mariucci Arena,Minneapolis,MN,,
1028,2025,7A,7,A,MINOT,SFU,0,0,0,0,AI,AI,Maysa Arena,Minot,ND,,
1029,2025,7A,7,A,MNSU,LSS,1,0,0,0,AI,AI,Mayo Clinic Health System Event Center,Mankato,MN,,
1030,2025,7A,7,A,MRCY,CANI,1,0,0,0,The Liberator,AI,Mercyhurst Ice Center,Erie,PA,,
1031,2025,7A,7,A,ND,MSU,1,0,0,0,Zesco,AI,Compton Family Ice Arena,South Bend,IN,,
1032,2025,7A,7,A,NE,UML,1,0,0,0,AI,AI,Matthews Arena,Boston,MA,,
1033,2025,7A,7,A,NMU,FRST,1,0,0,0,AI,AI,Berry Events Center,Marquette,MI,,
1034,2025,7A,7,A,OLAF,TNST,0,0,0,0,AI,AI,Skoglund Athletic Center,Northfield,MN,,
1035,2025,7A,7,A,OSU,MICH,1,0,0,0,AI,Spoof,Value City Arena,Columbus,OH,,
1036,2025,7A,7,A,PNST,WISC,1,0,0,0,Rocketcan,Bundy,Pegula Ice Arena,State College,PA,,
1037,2025,7A,7,A,PROV,VT,1,0,0,0,AI,KWheeler,Schneider Arena,Providence,RI,,
1038,2025,7A,7,A,STCL,MIAO,1,0,0,0,AI,AI,Herb Brooks National Hockey Center,St. Cloud,MN,,
1039,2025,7A,7,A,STMN,BGSU,1,0,0,0,AI,PoopyRhinoPickle,Lee and Penny Anderson Arena,Saint Paul,MN,,
1040,2025,7A,7,A,UAF,LIU,0,0,0,0,Acewulf,Subsequent,Carlson Center,Fairbanks,AK,,
1041,2025,7A,7,A,UAH,WVU,0,0,0,0,AI,AI,Von Braun Center,Huntsville,AL,,
1042,2025,7A,7,A,UNH,MRMK,1,0,0,0,AI,AI,Whittemore Center,Durham,NH,,
1043,2025,7A,7,A,UNO,MND,1,0,0,0,Alexfall,TuscanSota,Baxter Arena,Omaha,NE,,
1044,2025,7A,7,A,WMU,DU,1,0,0,0,Jieret,Ricky Campbell,Lawson Arena,Kalamazoo,MI,,
1045,2025,7B,7,B,AIC,MRCY,1,0,0,0,Dr_Novella,The Liberator,MassMutual Center,Springfield,MA,,
1046,2025,7B,7,B,ARMY,RMU,1,0,0,0,AI,smackemz ,Tate Rink,West Point,NY,,
1047,2025,7B,7,B,BC,UNH,1,0,0,0,nemolee.exe,AI,Conte Forum,Chestnut Hill,MA,,
1048,2025,7B,7,B,BGSU,MNSU,1,0,0,0,PoopyRhinoPickle,AI,Slater Family Ice Arena,Bowling Green,OH,,
1049,2025,7B,7,B,BSU,NMU,1,0,0,0,SageBow,AI,Sanford Center,Bemidji,MN,,
1050,2025,7B,7,B,BU,NU,0,0,0,0,jmjacobs,AI,Agganis Arena,Boston,MA,,
1051,2025,7B,7,B,CC,STCL,1,0,0,0,AI,AI,Ed Robson Arena,Colorado Springs,CO,,
1052,2025,7B,7,B,DU,UNO,1,0,0,0,Ricky Campbell,Alexfall,Magness Rena,Denver,CO,,
1053,2025,7B,7,B,FRST,MTU,1,0,0,0,AI,AI,Ewigleben Arena,Big Rapids,MI,,
1054,2025,7B,7,B,HARV,DART,1,0,0,0,AI,AI,Bright-Landry Hockey Center,Cambridge,MA,,
1055,2025,7B,7,B,LIU,BING,0,0,0,0,Subsequent,AI,Islanders Iceworks,Brooklyn,NY,,
1056,2025,7B,7,B,LSS,AGUS,1,0,0,0,AI,ObliviousLAX,Taffy Abel Arena,Sault Ste. Marie,MI,,
1057,2025,7B,7,B,MASS,CONN,1,0,0,0,AI,AI,Mullins Center,Amherst,MA,,
1058,2025,7B,7,B,MIAO,UND,1,0,0,0,AI,taffyowner,Goggin Ice Center,Oxford,OH,,
1059,2025,7B,7,B,MICH,PNST,1,0,0,0,Spoof,Rocketcan,Yost Ice Arena,Ann Arbor,MI,,
1060,2025,7B,7,B,MINN,ND,1,0,0,0,CoachCartier,Zesco,Mariucci Arena,Minneapolis,MN,,
1061,2025,7B,7,B,MND,ASU,1,0,0,0,TuscanSota,Groot,AMSOIL Arena,Duluth,MN,,
1062,2025,7B,7,B,MSU,OSU,1,0,0,0,AI,AI,Munn Ice Arena,East Lansing,MI,,
1063,2025,7B,7,B,NE,PROV,1,0,0,0,AI,AI,Matthews Arena,Boston,MA,,
1064,2025,7B,7,B,PRIN,COR,1,0,0,0,AI,Coach123,Hobey Baker Memorial Rink,Princeton,NJ,,
1065,2025,7B,7,B,QUIN,COLG,1,0,0,0,AI,kgreene,M&T Bank Arena,Hamden,CT,,
1066,2025,7B,7,B,RIT,BENT,1,0,0,0,AI,AI,Gene Polisseni Center,Rochester,NY,,
1067,2025,7B,7,B,RPI,CLRK,1,0,0,0,AI,Paradoxic,Houston Field House,Troy,NY,,
1068,2025,7B,7,B,SFU,MINOT,0,0,0,0,AI,AI,Bill Copeland Sports Centre,Vancouver,BC,,
1069,2025,7B,7,B,SHU,CANI,1,0,0,0,AI,AI,Martire Family Arena,Fairfield,CT,,
1070,2025,7B,7,B,STL,YALE,1,0,0,0,AI,AI,Appleton Arena,Canton,NY,,
1071,2025,7B,7,B,STON,LIND,0,0,0,0,AI,AI,Bridgewater Ice Arena,Easton,MA,,
1072,2025,7B,7,B,TNST,OLAF,0,0,0,0,AI,AI,Gentry Center,Nashville,TN,,
1073,2025,7B,7,B,UAA,WMU,0,0,0,0,Kirby,Jieret,Sullivan Arena,Anchorage,AK,,
1074,2025,7B,7,B,UAF,STMN,0,0,0,0,Acewulf,AI,Carlson Center,Fairbanks,AK,,
1075,2025,7B,7,B,UML,MRMK,1,0,0,0,AI,AI,Tsongas Center,Lowell,MA,,
1076,2025,7B,7,B,UNION,BRWN,1,0,0,0,AI,AI,Achilles Rink,Schenectady,NY,,
1077,2025,7B,7,B,UNLV,WISC,0,0,0,0,AI,Bundy,City National Arena,Las Vegas,NV,,
1078,2025,7B,7,B,USAF,HC,1,0,0,0,AI,JC.,Cadet Ice Arena,Colorado Springs,CO,,
1079,2025,7B,7,B,VT,ME,1,0,0,0,KWheeler,AI,Gutterson Fieldhouse,Burlington,VT,,
1080,2025,7B,7,B,WVU,UAH,0,0,0,0,AI,AI,Wesbanco Arena,Morgantown,WV,,
1081,2025,8A,8,A,AGUS,FRST,1,0,0,0,ObliviousLAX,AI,Midco Arena,Sioux Falls,SD,,
1082,2025,8A,8,A,ASU,MIAO,1,0,0,0,Groot,AI,Mullett Arena,Tempe,AZ,,
1083,2025,8A,8,A,BENT,AIC,1,0,0,0,AI,Dr_Novella,Bentley Arena,Waltham,MA,,
1084,2025,8A,8,A,BRWN,STL,1,0,0,0,AI,AI,Meehan Auditorium,Providence,RI,,
1085,2025,8A,8,A,BU,NE,1,0,0,0,jmjacobs,AI,Agganis Arena,Boston,MA,,
1086,2025,8A,8,A,CLRK,PRIN,1,0,0,0,Paradoxic,AI,Cheel Arena,Potsdam,NY,,
1087,2025,8A,8,A,COLG,HARV,1,0,0,0,kgreene,AI,Class of 1965 Arena,Colgate,NY,,
1088,2025,8A,8,A,CONN,BC,1,0,0,0,AI,nemolee.exe,Toscano Family Ice Forum,Storrs,CT,,
1089,2025,8A,8,A,COR,DART,1,0,0,0,Coach123,AI,Lynah Rink,Ithaca,NY,,
1090,2025,8A,8,A,LIU,STON,0,0,0,0,Subsequent,AI,Islanders Iceworks,Brooklyn,NY,,
1091,2025,8A,8,A,LSS,BGSU,1,0,0,0,AI,PoopyRhinoPickle,Taffy Abel Arena,Sault Ste. Marie,MI,,
1092,2025,8A,8,A,ME,UNH,1,0,0,0,AI,AI,Harold Alfond Sports Arena,Orono,ME,,
1093,2025,8A,8,A,MND,DU,1,0,0,0,TuscanSota,Ricky Campbell,AMSOIL Arena,Duluth,MN,,
1094,2025,8A,8,A,MNSU,UNO,0,0,0,0,AI,Alexfall,Mayo Clinic Health System Event Center,Mankato,MN,,
1095,2025,8A,8,A,MRCY,SHU,1,0,0,0,The Liberator,AI,Mercyhurst Ice Center,Erie,PA,,
1096,2025,8A,8,A,MRMK,MASS,1,0,0,0,AI,AI,J. Thom Lawler Rink,North Andover,MA,,
1097,2025,8A,8,A,MTU,BSU,1,0,0,0,AI,SageBow,MacInnes Student Ice Arena,Houghton,MI,,
1098,2025,8A,8,A,ND,ARMY,0,0,0,0,Zesco,AI,Compton Family Ice Arena,South Bend,IN,,
1099,2025,8A,8,A,NMU,STMN,1,0,0,0,AI,AI,Berry Events Center,Marquette,MI,,
1100,2025,8A,8,A,NU,HC,1,0,0,0,AI,JC.,Dwyer Arena,Lewiston,NY,,
1101,2025,8A,8,A,OLAF,MINOT,0,0,0,0,AI,AI,Skoglund Athletic Center,Northfield,MN,,
1102,2025,8A,8,A,OSU,MINN,1,0,0,0,AI,CoachCartier,Value City Arena,Columbus,OH,,
1103,2025,8A,8,A,PNST,MSU,1,0,0,0,Rocketcan,AI,Pegula Ice Arena,State College,PA,,
1104,2025,8A,8,A,RIT,CANI,1,0,0,0,AI,AI,Gene Polisseni Center,Rochester,NY,,
1105,2025,8A,8,A,RMU,USAF,1,0,0,0,smackemz ,AI,Clearview Arena,Moon Township,PA,,
1106,2025,8A,8,A,SFU,WVU,0,0,0,0,AI,AI,Bill Copeland Sports Centre,Vancouver,BC,,
1107,2025,8A,8,A,STCL,WMU,1,0,0,0,AI,Jieret,Herb Brooks National Hockey Center,St. Cloud,MN,,
1108,2025,8A,8,A,UAA,LIND,0,0,0,0,Kirby,AI,Sullivan Arena,Anchorage,AK,,
1109,2025,8A,8,A,UAH,TNST,0,0,0,0,AI,AI,Von Braun Center,Huntsville,AL,,
1110,2025,8A,8,A,UML,PROV,1,0,0,0,AI,AI,Tsongas Center,Lowell,MA,,
1111,2025,8A,8,A,UND,CC,1,0,0,0,taffyowner,AI,Ralph Engelstad Arena,Grand Forks,ND,,
1112,2025,8A,8,A,UNION,RPI,1,0,0,0,AI,AI,Achilles Rink,Schenectady,NY,,
1113,2025,8A,8,A,UNLV,BING,0,0,0,0,AI,AI,City National Arena,Las Vegas,NV,,
1114,2025,8A,8,A,VT,UAF,0,0,0,0,KWheeler,Acewulf,Gutterson Fieldhouse,Burlington,VT,,
1115,2025,8A,8,A,WISC,MICH,1,0,0,0,Bundy,Spoof,Kohl Center,Madison,WI,,
1116,2025,8A,8,A,YALE,QUIN,1,0,0,0,AI,AI,Ingalls Rink,New Haven,CT,,
1117,2025,8B,8,B,AIC,RIT,1,0,0,0,Dr_Novella,AI,MassMutual Center,Springfield,MA,,
1118,2025,8B,8,B,BC,UML,1,0,0,0,nemolee.exe,AI,Conte Forum,Chestnut Hill,MA,,
1119,2025,8B,8,B,BENT,USAF,1,0,0,0,AI,AI,Bentley Arena,Waltham,MA,,
1120,2025,8B,8,B,BGSU,AGUS,1,0,0,0,PoopyRhinoPickle,ObliviousLAX,Slater Family Ice Arena,Bowling Green,OH,,
1121,2025,8B,8,B,BSU,FRST,1,0,0,0,SageBow,AI,Sanford Center,Bemidji,MN,,
1122,2025,8B,8,B,BU,MRMK,1,0,0,0,jmjacobs,AI,Agganis Arena,Boston,MA,,
1123,2025,8B,8,B,CC,MIAO,1,0,0,0,AI,AI,Ed Robson Arena,Colorado Springs,CO,,
1124,2025,8B,8,B,CONN,NE,1,0,0,0,AI,AI,Toscano Family Ice Forum,Storrs,CT,,
1125,2025,8B,8,B,COR,COLG,1,0,0,0,Coach123,kgreene,Lynah Rink,Ithaca,NY,,
1126,2025,8B,8,B,DART,CLRK,1,0,0,0,AI,Paradoxic,Thompson Arena,Hanover,NH,,
1127,2025,8B,8,B,DU,ASU,1,0,0,0,Ricky Campbell,Groot,Magness Rena,Denver,CO,,
1128,2025,8B,8,B,HARV,YALE,1,0,0,0,AI,AI,Bright-Landry Hockey Center,Cambridge,MA,,
1129,2025,8B,8,B,HC,CANI,1,0,0,0,JC.,AI,Hart Center,Worcester,MA,,
1130,2025,8B,8,B,LIND,UAA,0,0,0,0,AI,Kirby,Centene Community Ice Center,St. Charles,MO,,
1131,2025,8B,8,B,LIU,MICH,0,0,0,0,Subsequent,Spoof,Islanders Iceworks,Brooklyn,NY,,
1132,2025,8B,8,B,LSS,UNH,0,0,0,0,AI,AI,Taffy Abel Arena,Sault Ste. Marie,MI,,
1133,2025,8B,8,B,MINOT,OLAF,0,0,0,0,AI,AI,Maysa Arena,Minot,ND,,
1134,2025,8B,8,B,MND,UAF,0,0,0,0,TuscanSota,Acewulf,AMSOIL Arena,Duluth,MN,,
1135,2025,8B,8,B,NMU,MNSU,1,0,0,0,AI,AI,Berry Events Center,Marquette,MI,,
1136,2025,8B,8,B,NU,RMU,1,0,0,0,AI,smackemz ,Dwyer Arena,Lewiston,NY,,
1137,2025,8B,8,B,OSU,ND,1,0,0,0,AI,Zesco,Value City Arena,Columbus,OH,,
1138,2025,8B,8,B,PNST,MINN,1,0,0,0,Rocketcan,CoachCartier,Pegula Ice Arena,State College,PA,,
1139,2025,8B,8,B,PRIN,UNION,1,0,0,0,AI,AI,Hobey Baker Memorial Rink,Princeton,NJ,,
1140,2025,8B,8,B,PROV,ME,1,0,0,0,AI,AI,Schneider Arena,Providence,RI,,
1141,2025,8B,8,B,QUIN,STL,1,0,0,0,AI,AI,M&T Bank Arena,Hamden,CT,,
1142,2025,8B,8,B,RPI,BRWN,1,0,0,0,AI,AI,Houston Field House,Troy,NY,,
1143,2025,8B,8,B,SHU,ARMY,1,0,0,0,AI,AI,Martire Family Arena,Fairfield,CT,,
1144,2025,8B,8,B,STCL,UNO,1,0,0,0,AI,Alexfall,Herb Brooks National Hockey Center,St. Cloud,MN,,
1145,2025,8B,8,B,STMN,MTU,1,0,0,0,AI,AI,Lee and Penny Anderson Arena,Saint Paul,MN,,
1146,2025,8B,8,B,TNST,BING,0,0,0,0,AI,AI,Gentry Center,Nashville,TN,,
1147,2025,8B,8,B,UAH,STON,0,0,0,0,AI,AI,Von Braun Center,Huntsville,AL,,
1148,2025,8B,8,B,UNLV,MRCY,0,0,0,0,AI,The Liberator,City National Arena,Las Vegas,NV,,
1149,2025,8B,8,B,VT,MASS,1,0,0,0,KWheeler,AI,Gutterson Fieldhouse,Burlington,VT,,
1150,2025,8B,8,B,WISC,MSU,1,0,0,0,Bundy,AI,Kohl Center,Madison,WI,,
1151,2025,8B,8,B,WMU,UND,1,0,0,0,Jieret,taffyowner,Lawson Arena,Kalamazoo,MI,,
1152,2025,8B,8,B,WVU,SFU,0,0,0,0,AI,AI,Wesbanco Arena,Morgantown,WV,,
1153,2025,9A,9,A,AGUS,BSU,1,0,0,0,ObliviousLAX,SageBow,Midco Arena,Sioux Falls,SD,,
1154,2025,9A,9,A,ARMY,MRCY,1,0,0,0,AI,The Liberator,Tate Rink,West Point,NY,,
1155,2025,9A,9,A,ASU,CC,1,0,0,0,Groot,AI,Mullett Arena,Tempe,AZ,,
1156,2025,9A,9,A,BING,TNST,0,0,0,0,AI,AI,Visions Veterans Memorial Arena,Binghamton,NY,,
1157,2025,9A,9,A,BRWN,QUIN,1,0,0,0,AI,AI,Meehan Auditorium,Providence,RI,,
1158,2025,9A,9,A,CLRK,COLG,1,0,0,0,Paradoxic,kgreene,Cheel Arena,Potsdam,NY,,
1159,2025,9A,9,A,CONN,BGSU,0,0,0,0,AI,PoopyRhinoPickle,Toscano Family Ice Forum,Storrs,CT,,
1160,2025,9A,9,A,FRST,STMN,1,0,0,0,AI,AI,Ewigleben Arena,Big Rapids,MI,,
1161,2025,9A,9,A,HC,AIC,1,0,0,0,JC.,Dr_Novella,Hart Center,Worcester,MA,,
1162,2025,9A,9,A,LIU,DU,0,0,0,0,Subsequent,Ricky Campbell,Islanders Iceworks,Brooklyn,NY,,
1163,2025,9A,9,A,LSS,NMU,1,0,0,0,AI,AI,Taffy Abel Arena,Sault Ste. Marie,MI,,
1164,2025,9A,9,A,ME,BU,1,0,0,0,AI,jmjacobs,Harold Alfond Sports Arena,Orono,ME,,
1165,2025,9A,9,A,MIAO,WMU,1,0,0,0,AI,Jieret,Goggin Ice Center,Oxford,OH,,
1166,2025,9A,9,A,MINN,WISC,1,0,0,0,CoachCartier,Bundy,Mariucci Arena,Minneapolis,MN,,
1167,2025,9A,9,A,MINOT,UNLV,0,0,0,0,AI,AI,Maysa Arena,Minot,ND,,
1168,2025,9A,9,A,MND,STCL,1,0,0,0,TuscanSota,AI,AMSOIL Arena,Duluth,MN,,
1169,2025,9A,9,A,MRMK,VT,1,0,0,0,AI,KWheeler,J. Thom Lawler Rink,North Andover,MA,,
1170,2025,9A,9,A,MSU,MICH,1,0,0,0,AI,Spoof,Munn Ice Arena,East Lansing,MI,,
1171,2025,9A,9,A,MTU,MNSU,1,0,0,0,AI,AI,MacInnes Student Ice Arena,Houghton,MI,,
1172,2025,9A,9,A,ND,PNST,1,0,0,0,Zesco,Rocketcan,Compton Family Ice Arena,South Bend,IN,,
1173,2025,9A,9,A,NE,BC,1,0,0,0,AI,nemolee.exe,Matthews Arena,Boston,MA,,
1174,2025,9A,9,A,OSU,UAH,0,0,0,0,AI,AI,Value City Arena,Columbus,OH,,
1175,2025,9A,9,A,PROV,MASS,1,0,0,0,AI,AI,Schneider Arena,Providence,RI,,
1176,2025,9A,9,A,RIT,NU,1,0,0,0,AI,AI,Gene Polisseni Center,Rochester,NY,,
1177,2025,9A,9,A,RMU,BENT,1,0,0,0,smackemz ,AI,Clearview Arena,Moon Township,PA,,
1178,2025,9A,9,A,RPI,PRIN,1,0,0,0,AI,AI,Houston Field House,Troy,NY,,
1179,2025,9A,9,A,STL,HARV,1,0,0,0,AI,AI,Appleton Arena,Canton,NY,,
1180,2025,9A,9,A,STON,SFU,0,0,0,0,AI,AI,Bridgewater Ice Arena,Easton,MA,,
1181,2025,9A,9,A,UAA,CANI,0,0,0,0,Kirby,AI,Sullivan Arena,Anchorage,AK,,
1182,2025,9A,9,A,UAF,LIND,0,0,0,0,Acewulf,AI,Carlson Center,Fairbanks,AK,,
1183,2025,9A,9,A,UND,UNO,1,0,0,0,taffyowner,Alexfall,Ralph Engelstad Arena,Grand Forks,ND,,
1184,2025,9A,9,A,UNH,UML,1,0,0,0,AI,AI,Whittemore Center,Durham,NH,,
1185,2025,9A,9,A,UNION,DART,1,0,0,0,AI,AI,Achilles Rink,Schenectady,NY,,
1186,2025,9A,9,A,USAF,SHU,1,0,0,0,AI,AI,Cadet Ice Arena,Colorado Springs,CO,,
1187,2025,9A,9,A,WVU,OLAF,0,0,0,0,AI,AI,Wesbanco Arena,Morgantown,WV,,
1188,2025,9A,9,A,YALE,COR,1,0,0,0,AI,Coach123,Ingalls Rink,New Haven,CT,,
1189,2025,9B,9,B,AGUS,ASU,0,0,0,0,ObliviousLAX,Groot,Midco Arena,Sioux Falls,SD,,
1190,2025,9B,9,B,AIC,USAF,1,0,0,0,Dr_Novella,AI,MassMutual Center,Springfield,MA,,
1191,2025,9B,9,B,BENT,ARMY,1,0,0,0,AI,AI,Bentley Arena,Waltham,MA,,
1192,2025,9B,9,B,BING,LIU,0,0,0,0,AI,Subsequent,Visions Veterans Memorial Arena,Binghamton,NY,,
1193,2025,9B,9,B,BU,PROV,1,0,0,0,jmjacobs,AI,Agganis Arena,Boston,MA,,
1194,2025,9B,9,B,CANI,NU,1,0,0,0,AI,AI,LECOM Harborcenter,Buffalo,NY,,
1195,2025,9B,9,B,CLRK,YALE,1,0,0,0,Paradoxic,AI,Cheel Arena,Potsdam,NY,,
1196,2025,9B,9,B,COLG,UNION,1,0,0,0,kgreene,AI,Class of 1965 Arena,Colgate,NY,,
1197,2025,9B,9,B,COR,STL,1,0,0,0,Coach123,AI,Lynah Rink,Ithaca,NY,,
1198,2025,9B,9,B,DART,RPI,1,0,0,0,AI,AI,Thompson Arena,Hanover,NH,,
1199,2025,9B,9,B,HARV,QUIN,1,0,0,0,AI,AI,Bright-Landry Hockey Center,Cambridge,MA,,
1200,2025,9B,9,B,HC,MRMK,0,0,0,0,JC.,AI,Hart Center,Worcester,MA,,
1201,2025,9B,9,B,LIND,MSU,0,0,0,0,AI,AI,Centene Community Ice Center,St. Charles,MO,,
1202,2025,9B,9,B,ME,BC,1,0,0,0,AI,nemolee.exe,Harold Alfond Sports Arena,Orono,ME,,
1203,2025,9B,9,B,MICH,MINN,1,0,0,0,Spoof,CoachCartier,Yost Ice Arena,Ann Arbor,MI,,
1204,2025,9B,9,B,MNSU,FRST,1,0,0,0,AI,AI,Mayo Clinic Health System Event Center,Mankato,MN,,
1205,2025,9B,9,B,MRCY,RIT,1,0,0,0,The Liberator,AI,Mercyhurst Ice Center,Erie,PA,,
1206,2025,9B,9,B,MTU,LSS,1,0,0,0,AI,AI,MacInnes Student Ice Arena,Houghton,MI,,
1207,2025,9B,9,B,NMU,BGSU,1,0,0,0,AI,PoopyRhinoPickle,Berry Events Center,Marquette,MI,,
1208,2025,9B,9,B,OLAF,WVU,0,0,0,0,AI,AI,Skoglund Athletic Center,Northfield,MN,,
1209,2025,9B,9,B,PNST,OSU,1,0,0,0,Rocketcan,AI,Pegula Ice Arena,State College,PA,,
1210,2025,9B,9,B,PRIN,BRWN,1,0,0,0,AI,AI,Hobey Baker Memorial Rink,Princeton,NJ,,
1211,2025,9B,9,B,RMU,SHU,1,0,0,0,smackemz ,AI,Clearview Arena,Moon Township,PA,,
1212,2025,9B,9,B,SFU,STON,0,0,0,0,AI,AI,Bill Copeland Sports Centre,Vancouver,BC,,
1213,2025,9B,9,B,STCL,DU,1,0,0,0,AI,Ricky Campbell,Herb Brooks National Hockey Center,St. Cloud,MN,,
1214,2025,9B,9,B,STMN,BSU,1,0,0,0,AI,SageBow,Lee and Penny Anderson Arena,Saint Paul,MN,,
1215,2025,9B,9,B,TNST,UAH,0,0,0,0,AI,AI,Gentry Center,Nashville,TN,,
1216,2025,9B,9,B,UAF,UAA,0,0,0,0,Acewulf,Kirby,Carlson Center,Fairbanks,AK,,
1217,2025,9B,9,B,UML,MASS,1,0,0,0,AI,AI,Tsongas Center,Lowell,MA,,
1218,2025,9B,9,B,UND,MND,1,0,0,0,taffyowner,TuscanSota,Ralph Engelstad Arena,Grand Forks,ND,,
1219,2025,9B,9,B,UNH,NE,1,0,0,0,AI,AI,Whittemore Center,Durham,NH,,
1220,2025,9B,9,B,UNLV,MINOT,0,0,0,0,AI,AI,City National Arena,Las Vegas,NV,,
1221,2025,9B,9,B,UNO,MIAO,1,0,0,0,Alexfall,AI,Baxter Arena,Omaha,NE,,
1222,2025,9B,9,B,VT,CONN,1,0,0,0,KWheeler,AI,Gutterson Fieldhouse,Burlington,VT,,
1223,2025,9B,9,B,WISC,ND,1,0,0,0,Bundy,Zesco,Kohl Center,Madison,WI,,
1224,2025,9B,9,B,WMU,CC,1,0,0,0,Jieret,AI,Lawson Arena,Kalamazoo,MI,,
