GameID,Season,Week,Week Num,Timeslot,Home Team,Away Team,Invitational,Conference Tournament,Playoff,National Champ,Listed Coach,Other Coach,Arena,City,State,GameTitle,Info
0,2026,1A,1,A,ASU,OREG,0,0,0,0,Rabbit,AI,Mullett Arena,Tempe,AZ,,
0,2026,1A,1,A,BC,COLG,0,0,0,0,AI,kgreene829,Conte Forum,Chestnut Hill,MA,,
0,2026,1A,1,A,BGSU,OSU,0,0,0,0,PoopyRhinoPickle,AI,Slater Family Ice Arena,Bowling Green,OH,,
0,2026,1A,1,A,BRWN,ARMY,0,0,0,0,AI,Zz3DWAFFLEzZ,Meehan Auditorium,Providence,RI,,
0,2026,1A,1,A,BSU,MND,0,0,0,0,SageBow,TuscanSota,Sanford Center,Bemidji,MN,,
0,2026,1A,1,A,BU,STON,0,0,0,0,jmjacobs,AI,Agganis Arena,Boston,MA,,
0,2026,1A,1,A,COR,RIT,0,0,0,0,Coach123,AI,Lynah Rink,Ithaca,NY,,
0,2026,1A,1,A,DART,NMU,0,0,0,0,AI,Newkbomb,Thompson Arena,Hanover,NH,,
0,2026,1A,1,A,DU,MASS,0,0,0,0,Ricky Campbell,AI,Magness Rena,Denver,CO,,
0,2026,1A,1,A,FRST,UML,0,0,0,0,AI,AI,Ewigleben Arena,Big Rapids,MI,,
0,2026,1A,1,A,HARV,MSU,0,0,0,0,kinch,AI,Bright-Landry Hockey Center,Cambridge,MA,,
0,2026,1A,1,A,ME,RMU,0,0,0,0,AI,TheLiberator,Harold Alfond Sports Arena,Orono,ME,,
0,2026,1A,1,A,MICH,LIU,0,0,0,0,Spoof,subsequent,Yost Ice Arena,Ann Arbor,MI,,
0,2026,1A,1,A,MINN,STMN,0,0,0,0,Minnow,AI,Mariucci Arena,Minneapolis,MN,,
0,2026,1A,1,A,MINOT,USAF,0,0,0,0,AI,chaserck,Maysa Arena,Minot,ND,,
0,2026,1A,1,A,MRCY,MRMK,0,0,0,0,AI,AI,Mercyhurst Ice Center,Erie,PA,,
0,2026,1A,1,A,MTU,MIAO,0,0,0,0,Mightydog135,AI,MacInnes Student Ice Arena,Houghton,MI,,
0,2026,1A,1,A,ND,UNH,0,0,0,0,AI,AI,Compton Family Ice Arena,South Bend,IN,,
0,2026,1A,1,A,NE,LIND,0,0,0,0,AI,AI,Matthews Arena,Boston,MA,,
0,2026,1A,1,A,NU,TNST,0,0,0,0,AI,AI,Dwyer Arena,Lewiston,NY,,
0,2026,1A,1,A,OLAF,WISC,0,0,0,0,AI,bundy,Skoglund Athletic Center,Northfield,MN,,
0,2026,1A,1,A,PRIN,BENT,0,0,0,0,AI,AI,Hobey Baker Memorial Rink,Princeton,NJ,,
0,2026,1A,1,A,PROV,CANI,0,0,0,0,AI,AI,Schneider Arena,Providence,RI,,
0,2026,1A,1,A,QUIN,HC,0,0,0,0,dotNectar,AI,M&T Bank Arena,Hamden,CT,,
0,2026,1A,1,A,RPI,UAH,0,0,0,0,AI,AI,Houston Field House,Troy,NY,,
0,2026,1A,1,A,STCL,MNSU,0,0,0,0,AI,AI,Herb Brooks National Hockey Center,St. Cloud,MN,,
0,2026,1A,1,A,STL,BING,0,0,0,0,AI,AI,Appleton Arena,Canton,NY,,
0,2026,1A,1,A,UAA,WMU,0,0,0,0,Kirby,Jieret,Sullivan Arena,Anchorage,AK,,
0,2026,1A,1,A,UAF,CONN,0,0,0,0,acewulf,AI,Carlson Center,Fairbanks,AK,,
0,2026,1A,1,A,UND,AGUS,0,0,0,0,taffyowner,AI,Ralph Engelstad Arena,Grand Forks,ND,,
0,2026,1A,1,A,UNION,PNST,0,0,0,0,AI,AI,Achilles Rink,Schenectady,NY,,
0,2026,1A,1,A,UNLV,CC,0,0,0,0,AI,AI,City National Arena,Las Vegas,NV,,
0,2026,1A,1,A,UNO,SHU,0,0,0,0,AI,AI,Baxter Arena,Omaha,NE,,
0,2026,1A,1,A,VT,WVU,0,0,0,0,AI,smackemz3,Gutterson Fieldhouse,Burlington,VT,,
0,2026,1A,1,A,YALE,AIC,0,0,0,0,AI,Dr_Novella,Ingalls Rink,New Haven,CT,,
0,2026,1A,1,A,CLRK,ILLI,0,0,0,0,Matty460,nemolee.exe,Cheel Arena,Potsdam,NY,,
0,2026,1A,1,A,LSS,SFU,0,0,0,0,chadbird,AI,Taffy Abel Arena,Sault Ste. Marie,MI,,
0,2026,1B,1,B,SFU,LSS,0,0,0,0,AI,chadbird,Bill Copeland Sports Centre,Vancouver,BC,,
0,2026,1B,1,B,ILLI,CLRK,0,0,0,0,nemolee.exe,Matty460,Gies Ice Arena,Champaign,IL,,
0,2026,1B,1,B,AGUS,UND,0,0,0,0,AI,taffyowner,Midco Arena,Sioux Falls,SD,,
0,2026,1B,1,B,AIC,YALE,0,0,0,0,Dr_Novella,AI,MassMutual Center,Springfield,MA,,
0,2026,1B,1,B,ARMY,BRWN,0,0,0,0,Zz3DWAFFLEzZ,AI,Tate Rink,West Point,NY,,
0,2026,1B,1,B,ASU,OREG,0,0,0,0,Rabbit,AI,Mullett Arena,Tempe,AZ,,
0,2026,1B,1,B,BENT,PRIN,0,0,0,0,AI,AI,Bentley Arena,Waltham,MA,,
0,2026,1B,1,B,BING,STL,0,0,0,0,AI,AI,Visions Veterans Memorial Arena,Binghamton,NY,,
0,2026,1B,1,B,CANI,PROV,0,0,0,0,AI,AI,LECOM Harborcenter,Buffalo,NY,,
0,2026,1B,1,B,CC,UNLV,0,0,0,0,AI,AI,Ed Robson Arena,Colorado Springs,CO,,
0,2026,1B,1,B,COLG,BC,0,0,0,0,kgreene829,AI,Class of 1965 Arena,Colgate,NY,,
0,2026,1B,1,B,CONN,UAF,0,0,0,0,AI,acewulf,Toscano Family Ice Forum,Storrs,CT,,
0,2026,1B,1,B,HC,QUIN,0,0,0,0,AI,dotNectar,Hart Center,Worcester,MA,,
0,2026,1B,1,B,LIND,NE,0,0,0,0,AI,AI,Centene Community Ice Center,St. Charles,MO,,
0,2026,1B,1,B,LIU,MICH,0,0,0,0,subsequent,Spoof,Islanders Iceworks,Brooklyn,NY,,
0,2026,1B,1,B,MASS,DU,0,0,0,0,AI,Ricky Campbell,Mullins Center,Amherst,MA,,
0,2026,1B,1,B,MIAO,MTU,0,0,0,0,AI,Mightydog135,Goggin Ice Center,Oxford,OH,,
0,2026,1B,1,B,MINN,STCL,0,0,0,0,Minnow,AI,Mariucci Arena,Minneapolis,MN,,
0,2026,1B,1,B,MND,BSU,0,0,0,0,TuscanSota,SageBow,AMSOIL Arena,Duluth,MN,,
0,2026,1B,1,B,MNSU,STMN,0,0,0,0,AI,AI,Mayo Clinic Health System Event Center,Mankato,MN,,
0,2026,1B,1,B,MRMK,MRCY,0,0,0,0,AI,AI,J. Thom Lawler Rink,North Andover,MA,,
0,2026,1B,1,B,MSU,HARV,0,0,0,0,AI,kinch,Munn Ice Arena,East Lansing,MI,,
0,2026,1B,1,B,NMU,DART,0,0,0,0,Newkbomb,AI,Berry Events Center,Marquette,MI,,
0,2026,1B,1,B,OSU,BGSU,0,0,0,0,AI,PoopyRhinoPickle,Value City Arena,Columbus,OH,,
0,2026,1B,1,B,PNST,UNION,0,0,0,0,AI,AI,Pegula Ice Arena,State College,PA,,
0,2026,1B,1,B,RIT,COR,0,0,0,0,AI,Coach123,Gene Polisseni Center,Rochester,NY,,
0,2026,1B,1,B,RMU,ME,0,0,0,0,TheLiberator,AI,Clearview Arena,Moon Township,PA,,
0,2026,1B,1,B,SHU,UNO,0,0,0,0,AI,AI,Martire Family Arena,Fairfield,CT,,
0,2026,1B,1,B,STON,BU,0,0,0,0,AI,jmjacobs,Bridgewater Ice Arena,Easton,MA,,
0,2026,1B,1,B,TNST,NU,0,0,0,0,AI,AI,Gentry Center,Nashville,TN,,
0,2026,1B,1,B,UAH,RPI,0,0,0,0,AI,AI,Von Braun Center,Huntsville,AL,,
0,2026,1B,1,B,UML,FRST,0,0,0,0,AI,AI,Tsongas Center,Lowell,MA,,
0,2026,1B,1,B,UNH,ND,0,0,0,0,AI,AI,Whittemore Center,Durham,NH,,
0,2026,1B,1,B,USAF,MINOT,0,0,0,0,chaserck,AI,Cadet Ice Arena,Colorado Springs,CO,,
0,2026,1B,1,B,WISC,OLAF,0,0,0,0,bundy,AI,Kohl Center,Madison,WI,,
0,2026,1B,1,B,WMU,UAA,0,0,0,0,Jieret,Kirby,Lawson Arena,Kalamazoo,MI,,
0,2026,1B,1,B,WVU,VT,0,0,0,0,smackemz3,AI,Wesbanco Arena,Morgantown,WV,,
0,2026,2A,2,A,AGUS,MRMK,0,0,0,0,AI,AI,Midco Arena,Sioux Falls,SD,,
0,2026,2A,2,A,BENT,MASS,0,0,0,0,AI,AI,Bentley Arena,Waltham,MA,,
0,2026,2A,2,A,BGSU,COLG,0,0,0,0,PoopyRhinoPickle,kgreene829,Slater Family Ice Arena,Bowling Green,OH,,
0,2026,2A,2,A,BSU,WVU,0,0,0,0,SageBow,smackemz3,Sanford Center,Bemidji,MN,,
0,2026,2A,2,A,BU,HARV,0,0,0,0,jmjacobs,kinch,Agganis Arena,Boston,MA,,
0,2026,2A,2,A,CANI,ND,0,0,0,0,AI,AI,LECOM Harborcenter,Buffalo,NY,,
0,2026,2A,2,A,CC,BRWN,0,0,0,0,AI,AI,Ed Robson Arena,Colorado Springs,CO,,
0,2026,2A,2,A,CLRK,AIC,0,0,0,0,Matty460,Dr_Novella,Cheel Arena,Potsdam,NY,,
0,2026,2A,2,A,CONN,SHU,0,0,0,0,AI,AI,Toscano Family Ice Forum,Storrs,CT,,
0,2026,2A,2,A,LIND,USAF,0,0,0,0,AI,chaserck,Centene Community Ice Center,St. Charles,MO,,
0,2026,2A,2,A,LIU,WMU,0,0,0,0,subsequent,Jieret,Islanders Iceworks,Brooklyn,NY,,
0,2026,2A,2,A,LSS,WISC,0,0,0,0,chadbird,bundy,Taffy Abel Arena,Sault Ste. Marie,MI,,
0,2026,2A,2,A,ME,UND,0,0,0,0,AI,taffyowner,Harold Alfond Sports Arena,Orono,ME,,
0,2026,2A,2,A,MIAO,OSU,0,0,0,0,AI,AI,Goggin Ice Center,Oxford,OH,,
0,2026,2A,2,A,MICH,MND,0,0,0,0,Spoof,TuscanSota,Yost Ice Arena,Ann Arbor,MI,,
0,2026,2A,2,A,MINN,OLAF,0,0,0,0,Minnow,AI,Mariucci Arena,Minneapolis,MN,,
0,2026,2A,2,A,MINOT,NMU,0,0,0,0,AI,Newkbomb,Maysa Arena,Minot,ND,,
0,2026,2A,2,A,MSU,FRST,0,0,0,0,AI,AI,Munn Ice Arena,East Lansing,MI,,
0,2026,2A,2,A,MTU,ASU,0,0,0,0,Mightydog135,Rabbit,MacInnes Student Ice Arena,Houghton,MI,,
0,2026,2A,2,A,NE,BC,0,0,0,0,AI,AI,Matthews Arena,Boston,MA,,
0,2026,2A,2,A,NU,PRIN,0,0,0,0,AI,AI,Dwyer Arena,Lewiston,NY,,
0,2026,2A,2,A,PNST,MRCY,0,0,0,0,AI,AI,Pegula Ice Arena,State College,PA,,
0,2026,2A,2,A,PROV,HC,0,0,0,0,AI,AI,Schneider Arena,Providence,RI,,
0,2026,2A,2,A,QUIN,YALE,0,0,0,0,dotNectar,AI,M&T Bank Arena,Hamden,CT,,
0,2026,2A,2,A,RMU,COR,0,0,0,0,TheLiberator,Coach123,Clearview Arena,Moon Township,PA,,
0,2026,2A,2,A,RPI,MNSU,0,0,0,0,AI,AI,Houston Field House,Troy,NY,,
0,2026,2A,2,A,SFU,UNH,0,0,0,0,AI,AI,Bill Copeland Sports Centre,Vancouver,BC,,
0,2026,2A,2,A,STMN,STL,0,0,0,0,AI,AI,Lee and Penny Anderson Arena,Saint Paul,MN,,
0,2026,2A,2,A,STON,DU,0,0,0,0,AI,Ricky Campbell,Bridgewater Ice Arena,Easton,MA,,
0,2026,2A,2,A,TNST,UNO,0,0,0,0,AI,AI,Gentry Center,Nashville,TN,,
0,2026,2A,2,A,UAF,UAA,0,0,0,0,acewulf,Kirby,Carlson Center,Fairbanks,AK,,
0,2026,2A,2,A,UAH,ARMY,0,0,0,0,AI,Zz3DWAFFLEzZ,Von Braun Center,Huntsville,AL,,
0,2026,2A,2,A,UNION,STCL,0,0,0,0,AI,AI,Achilles Rink,Schenectady,NY,,
0,2026,2A,2,A,UNLV,OREG,0,0,0,0,AI,AI,City National Arena,Las Vegas,NV,,
0,2026,2A,2,A,VT,RIT,0,0,0,0,AI,AI,Gutterson Fieldhouse,Burlington,VT,,
0,2026,2A,2,A,ILLI,DART,0,0,0,0,nemolee.exe,AI,Gies Ice Arena,Champaign,IL,,
0,2026,2A,2,A,UML,BING,0,0,0,0,AI,AI,Tsongas Center,Lowell,MA,,
0,2026,2B,2,B,BING,UML,0,0,0,0,AI,AI,Visions Veterans Memorial Arena,Binghamton,NY,,
0,2026,2B,2,B,DART,ILLI,0,0,0,0,AI,nemolee.exe,Thompson Arena,Hanover,NH,,
0,2026,2B,2,B,AIC,CLRK,0,0,0,0,Dr_Novella,Matty460,MassMutual Center,Springfield,MA,,
0,2026,2B,2,B,ARMY,UAH,0,0,0,0,Zz3DWAFFLEzZ,AI,Tate Rink,West Point,NY,,
0,2026,2B,2,B,ASU,LSS,0,0,0,0,Rabbit,chadbird,Mullett Arena,Tempe,AZ,,
0,2026,2B,2,B,BRWN,CC,0,0,0,0,AI,AI,Meehan Auditorium,Providence,RI,,
0,2026,2B,2,B,BU,BC,0,0,0,0,jmjacobs,AI,Agganis Arena,Boston,MA,,
0,2026,2B,2,B,COLG,BGSU,0,0,0,0,kgreene829,PoopyRhinoPickle,Class of 1965 Arena,Colgate,NY,,
0,2026,2B,2,B,COR,RMU,0,0,0,0,Coach123,TheLiberator,Lynah Rink,Ithaca,NY,,
0,2026,2B,2,B,DU,STON,0,0,0,0,Ricky Campbell,AI,Magness Rena,Denver,CO,,
0,2026,2B,2,B,FRST,MSU,0,0,0,0,AI,AI,Ewigleben Arena,Big Rapids,MI,,
0,2026,2B,2,B,HARV,NE,0,0,0,0,kinch,AI,Bright-Landry Hockey Center,Cambridge,MA,,
0,2026,2B,2,B,HC,PROV,0,0,0,0,AI,AI,Hart Center,Worcester,MA,,
0,2026,2B,2,B,MASS,BENT,0,0,0,0,AI,AI,Mullins Center,Amherst,MA,,
0,2026,2B,2,B,MINN,AGUS,0,0,0,0,Minnow,AI,Mariucci Arena,Minneapolis,MN,,
0,2026,2B,2,B,MND,MICH,0,0,0,0,TuscanSota,Spoof,AMSOIL Arena,Duluth,MN,,
0,2026,2B,2,B,MNSU,RPI,0,0,0,0,AI,AI,Mayo Clinic Health System Event Center,Mankato,MN,,
0,2026,2B,2,B,MRCY,PNST,0,0,0,0,AI,AI,Mercyhurst Ice Center,Erie,PA,,
0,2026,2B,2,B,ND,CANI,0,0,0,0,AI,AI,Compton Family Ice Arena,South Bend,IN,,
0,2026,2B,2,B,NMU,MINOT,0,0,0,0,Newkbomb,AI,Berry Events Center,Marquette,MI,,
0,2026,2B,2,B,OLAF,MRMK,0,0,0,0,AI,AI,Skoglund Athletic Center,Northfield,MN,,
0,2026,2B,2,B,OREG,UNLV,0,0,0,0,AI,AI,The Rink Exchange,Eugene,OR,,
0,2026,2B,2,B,OSU,MIAO,0,0,0,0,AI,AI,Value City Arena,Columbus,OH,,
0,2026,2B,2,B,PRIN,LIU,0,0,0,0,AI,subsequent,Hobey Baker Memorial Rink,Princeton,NJ,,
0,2026,2B,2,B,RIT,VT,0,0,0,0,AI,AI,Gene Polisseni Center,Rochester,NY,,
0,2026,2B,2,B,SHU,QUIN,0,0,0,0,AI,dotNectar,Martire Family Arena,Fairfield,CT,,
0,2026,2B,2,B,STCL,UNION,0,0,0,0,AI,AI,Herb Brooks National Hockey Center,St. Cloud,MN,,
0,2026,2B,2,B,STL,STMN,0,0,0,0,AI,AI,Appleton Arena,Canton,NY,,
0,2026,2B,2,B,UAA,UAF,0,0,0,0,Kirby,acewulf,Sullivan Arena,Anchorage,AK,,
0,2026,2B,2,B,UND,ME,0,0,0,0,taffyowner,AI,Ralph Engelstad Arena,Grand Forks,ND,,
0,2026,2B,2,B,UNH,SFU,0,0,0,0,AI,AI,Whittemore Center,Durham,NH,,
0,2026,2B,2,B,UNO,TNST,0,0,0,0,AI,AI,Baxter Arena,Omaha,NE,,
0,2026,2B,2,B,USAF,LIND,0,0,0,0,chaserck,AI,Cadet Ice Arena,Colorado Springs,CO,,
0,2026,2B,2,B,WISC,MTU,0,0,0,0,bundy,Mightydog135,Kohl Center,Madison,WI,,
0,2026,2B,2,B,WMU,NU,0,0,0,0,Jieret,AI,Lawson Arena,Kalamazoo,MI,,
0,2026,2B,2,B,WVU,BSU,0,0,0,0,smackemz3,SageBow,Wesbanco Arena,Morgantown,WV,,
0,2026,2B,2,B,YALE,CONN,0,0,0,0,AI,AI,Ingalls Rink,New Haven,CT,,
0,2026,3A,3,A,AGUS,UNO,0,0,0,0,AI,AI,Midco Arena,Sioux Falls,SD,,
0,2026,3A,3,A,AIC,ND,0,0,0,0,Dr_Novella,AI,MassMutual Center,Springfield,MA,,
0,2026,3A,3,A,BC,HARV,0,0,0,0,AI,kinch,Conte Forum,Chestnut Hill,MA,,
0,2026,3A,3,A,BGSU,MASS,0,0,0,0,PoopyRhinoPickle,AI,Slater Family Ice Arena,Bowling Green,OH,,
0,2026,3A,3,A,BRWN,STON,0,0,0,0,AI,AI,Meehan Auditorium,Providence,RI,,
0,2026,3A,3,A,BSU,MICH,0,0,0,0,SageBow,Spoof,Sanford Center,Bemidji,MN,,
0,2026,3A,3,A,CC,SFU,0,0,0,0,AI,AI,Ed Robson Arena,Colorado Springs,CO,,
0,2026,3A,3,A,CONN,QUIN,0,0,0,0,AI,dotNectar,Toscano Family Ice Forum,Storrs,CT,,
0,2026,3A,3,A,COR,CANI,0,0,0,0,Coach123,AI,Lynah Rink,Ithaca,NY,,
0,2026,3A,3,A,DART,MRCY,0,0,0,0,AI,AI,Thompson Arena,Hanover,NH,,
0,2026,3A,3,A,DU,COLG,0,0,0,0,Ricky Campbell,kgreene829,Magness Rena,Denver,CO,,
0,2026,3A,3,A,HC,TNST,0,0,0,0,AI,AI,Hart Center,Worcester,MA,,
0,2026,3A,3,A,LIND,UML,0,0,0,0,AI,AI,Centene Community Ice Center,St. Charles,MO,,
0,2026,3A,3,A,LIU,NU,0,0,0,0,subsequent,AI,Islanders Iceworks,Brooklyn,NY,,
0,2026,3A,3,A,ME,UAA,0,0,0,0,AI,Kirby,Harold Alfond Sports Arena,Orono,ME,,
0,2026,3A,3,A,MIAO,OLAF,0,0,0,0,AI,AI,Goggin Ice Center,Oxford,OH,,
0,2026,3A,3,A,MND,NMU,0,0,0,0,TuscanSota,Newkbomb,AMSOIL Arena,Duluth,MN,,
0,2026,3A,3,A,MNSU,VT,0,0,0,0,AI,AI,Mayo Clinic Health System Event Center,Mankato,MN,,
0,2026,3A,3,A,MRMK,BING,0,0,0,0,AI,AI,J. Thom Lawler Rink,North Andover,MA,,
0,2026,3A,3,A,MSU,ARMY,0,0,0,0,AI,Zz3DWAFFLEzZ,Munn Ice Arena,East Lansing,MI,,
0,2026,3A,3,A,MTU,LSS,0,0,0,0,Mightydog135,chadbird,MacInnes Student Ice Arena,Houghton,MI,,
0,2026,3A,3,A,OSU,RMU,0,0,0,0,AI,TheLiberator,Value City Arena,Columbus,OH,,
0,2026,3A,3,A,PRIN,WMU,0,0,0,0,AI,Jieret,Hobey Baker Memorial Rink,Princeton,NJ,,
0,2026,3A,3,A,PROV,UNION,0,0,0,0,AI,AI,Schneider Arena,Providence,RI,,
0,2026,3A,3,A,RPI,RIT,0,0,0,0,AI,AI,Houston Field House,Troy,NY,,
0,2026,3A,3,A,STCL,MINOT,0,0,0,0,AI,AI,Herb Brooks National Hockey Center,St. Cloud,MN,,
0,2026,3A,3,A,STL,OREG,0,0,0,0,AI,AI,Appleton Arena,Canton,NY,,
0,2026,3A,3,A,STMN,FRST,0,0,0,0,AI,AI,Lee and Penny Anderson Arena,Saint Paul,MN,,
0,2026,3A,3,A,UND,MINN,0,0,0,0,taffyowner,Minnow,Ralph Engelstad Arena,Grand Forks,ND,,
0,2026,3A,3,A,UNH,BENT,0,0,0,0,AI,AI,Whittemore Center,Durham,NH,,
0,2026,3A,3,A,UNLV,USAF,0,0,0,0,AI,chaserck,City National Arena,Las Vegas,NV,,
0,2026,3A,3,A,WISC,ASU,0,0,0,0,bundy,Rabbit,Kohl Center,Madison,WI,,
0,2026,3A,3,A,WVU,PNST,0,0,0,0,smackemz3,AI,Wesbanco Arena,Morgantown,WV,,
0,2026,3A,3,A,YALE,SHU,0,0,0,0,AI,AI,Ingalls Rink,New Haven,CT,,
0,2026,3A,3,A,UAF,CLRK,0,0,0,0,acewulf,Matty460,Carlson Center,Fairbanks,AK,,
0,2026,3A,3,A,ILLI,UAH,0,0,0,0,nemolee.exe,AI,Gies Ice Arena,Champaign,IL,,
0,2026,3B,3,B,UAH,ILLI,0,0,0,0,AI,nemolee.exe,Von Braun Center,Huntsville,AL,,
0,2026,3B,3,B,ARMY,UNO,0,0,0,0,Zz3DWAFFLEzZ,AI,Tate Rink,West Point,NY,,
0,2026,3B,3,B,CLRK,UAF,0,0,0,0,Matty460,acewulf,Cheel Arena,Potsdam,NY,,
0,2026,3B,3,B,BING,MRMK,0,0,0,0,AI,AI,Visions Veterans Memorial Arena,Binghamton,NY,,
0,2026,3B,3,B,BU,PRIN,0,0,0,0,jmjacobs,AI,Agganis Arena,Boston,MA,,
0,2026,3B,3,B,CANI,COR,0,0,0,0,AI,Coach123,LECOM Harborcenter,Buffalo,NY,,
0,2026,3B,3,B,COLG,DU,0,0,0,0,kgreene829,Ricky Campbell,Class of 1965 Arena,Colgate,NY,,
0,2026,3B,3,B,FRST,STMN,0,0,0,0,AI,AI,Ewigleben Arena,Big Rapids,MI,,
0,2026,3B,3,B,HARV,CONN,0,0,0,0,kinch,AI,Bright-Landry Hockey Center,Cambridge,MA,,
0,2026,3B,3,B,LIU,YALE,0,0,0,0,subsequent,AI,Islanders Iceworks,Brooklyn,NY,,
0,2026,3B,3,B,LSS,ASU,0,0,0,0,chadbird,Rabbit,Taffy Abel Arena,Sault Ste. Marie,MI,,
0,2026,3B,3,B,MASS,BGSU,0,0,0,0,AI,PoopyRhinoPickle,Mullins Center,Amherst,MA,,
0,2026,3B,3,B,MIAO,BC,0,0,0,0,AI,AI,Goggin Ice Center,Oxford,OH,,
0,2026,3B,3,B,MICH,BSU,0,0,0,0,Spoof,SageBow,Yost Ice Arena,Ann Arbor,MI,,
0,2026,3B,3,B,MINOT,STCL,0,0,0,0,AI,AI,Maysa Arena,Minot,ND,,
0,2026,3B,3,B,MRCY,DART,0,0,0,0,AI,AI,Mercyhurst Ice Center,Erie,PA,,
0,2026,3B,3,B,MTU,ME,0,0,0,0,Mightydog135,AI,MacInnes Student Ice Arena,Houghton,MI,,
0,2026,3B,3,B,ND,AIC,0,0,0,0,AI,Dr_Novella,Compton Family Ice Arena,South Bend,IN,,
0,2026,3B,3,B,NE,BU,0,0,0,0,AI,jmjacobs,Matthews Arena,Boston,MA,,
0,2026,3B,3,B,NMU,MND,0,0,0,0,Newkbomb,TuscanSota,Berry Events Center,Marquette,MI,,
0,2026,3B,3,B,NU,AGUS,0,0,0,0,AI,AI,Dwyer Arena,Lewiston,NY,,
0,2026,3B,3,B,OREG,STL,0,0,0,0,AI,AI,The Rink Exchange,Eugene,OR,,
0,2026,3B,3,B,PNST,WVU,0,0,0,0,AI,smackemz3,Pegula Ice Arena,State College,PA,,
0,2026,3B,3,B,QUIN,OLAF,0,0,0,0,dotNectar,AI,M&T Bank Arena,Hamden,CT,,
0,2026,3B,3,B,RIT,RPI,0,0,0,0,AI,AI,Gene Polisseni Center,Rochester,NY,,
0,2026,3B,3,B,RMU,OSU,0,0,0,0,TheLiberator,AI,Clearview Arena,Moon Township,PA,,
0,2026,3B,3,B,SFU,CC,0,0,0,0,AI,AI,Bill Copeland Sports Centre,Vancouver,BC,,
0,2026,3B,3,B,SHU,NE,0,0,0,0,AI,AI,Martire Family Arena,Fairfield,CT,,
0,2026,3B,3,B,STON,BRWN,0,0,0,0,AI,AI,Bridgewater Ice Arena,Easton,MA,,
0,2026,3B,3,B,TNST,HC,0,0,0,0,AI,AI,Gentry Center,Nashville,TN,,
0,2026,3B,3,B,UAA,WISC,0,0,0,0,Kirby,bundy,Sullivan Arena,Anchorage,AK,,
0,2026,3B,3,B,UML,LIND,0,0,0,0,AI,AI,Tsongas Center,Lowell,MA,,
0,2026,3B,3,B,UND,MINN,0,0,0,0,taffyowner,Minnow,Ralph Engelstad Arena,Grand Forks,ND,,
0,2026,3B,3,B,UNH,MSU,0,0,0,0,AI,AI,Whittemore Center,Durham,NH,,
0,2026,3B,3,B,UNION,PROV,0,0,0,0,AI,AI,Achilles Rink,Schenectady,NY,,
0,2026,3B,3,B,USAF,UNLV,0,0,0,0,chaserck,AI,Cadet Ice Arena,Colorado Springs,CO,,
0,2026,3B,3,B,VT,MNSU,0,0,0,0,AI,AI,Gutterson Fieldhouse,Burlington,VT,,
0,2026,3B,3,B,WMU,BENT,0,0,0,0,Jieret,AI,Lawson Arena,Kalamazoo,MI,,
0,2026,4A,4,A,AGUS,STCL,0,0,0,0,AI,AI,Midco Arena,Sioux Falls,SD,,
0,2026,4A,4,A,ASU,BGSU,0,0,0,0,Rabbit,PoopyRhinoPickle,Mullett Arena,Tempe,AZ,,
0,2026,4A,4,A,BENT,LIND,0,0,0,0,AI,AI,Bentley Arena,Waltham,MA,,
0,2026,4A,4,A,BRWN,HC,0,0,0,0,AI,AI,Meehan Auditorium,Providence,RI,,
0,2026,4A,4,A,BSU,LIU,0,0,0,0,SageBow,subsequent,Sanford Center,Bemidji,MN,,
0,2026,4A,4,A,CANI,PRIN,0,0,0,0,AI,AI,LECOM Harborcenter,Buffalo,NY,,
0,2026,4A,4,A,CLRK,BU,0,0,0,0,Matty460,jmjacobs,Cheel Arena,Potsdam,NY,,
0,2026,4A,4,A,CONN,NU,0,0,0,0,AI,AI,Toscano Family Ice Forum,Storrs,CT,,
0,2026,4A,4,A,COR,BING,0,0,0,0,Coach123,AI,Lynah Rink,Ithaca,NY,,
0,2026,4A,4,A,HARV,NMU,0,0,0,0,kinch,Newkbomb,Bright-Landry Hockey Center,Cambridge,MA,,
0,2026,4A,4,A,MASS,YALE,0,0,0,0,AI,AI,Mullins Center,Amherst,MA,,
0,2026,4A,4,A,ME,OSU,0,0,0,0,AI,AI,Harold Alfond Sports Arena,Orono,ME,,
0,2026,4A,4,A,MINOT,MINN,0,0,0,0,AI,Minnow,Maysa Arena,Minot,ND,,
0,2026,4A,4,A,MNSU,COLG,0,0,0,0,AI,kgreene829,Mayo Clinic Health System Event Center,Mankato,MN,,
0,2026,4A,4,A,MRCY,ILLI,0,0,0,0,AI,nemolee.exe,Mercyhurst Ice Center,Erie,PA,,
0,2026,4A,4,A,MRMK,STL,0,0,0,0,AI,AI,J. Thom Lawler Rink,North Andover,MA,,
0,2026,4A,4,A,MSU,NE,0,0,0,0,AI,AI,Munn Ice Arena,East Lansing,MI,,
0,2026,4A,4,A,OLAF,MIAO,0,0,0,0,AI,AI,Skoglund Athletic Center,Northfield,MN,,
0,2026,4A,4,A,OREG,BC,0,0,0,0,AI,AI,The Rink Exchange,Eugene,OR,,
0,2026,4A,4,A,PNST,VT,0,0,0,0,AI,AI,Pegula Ice Arena,State College,PA,,
0,2026,4A,4,A,QUIN,MND,0,0,0,0,dotNectar,TuscanSota,M&T Bank Arena,Hamden,CT,,
0,2026,4A,4,A,RIT,AIC,0,0,0,0,AI,Dr_Novella,Gene Polisseni Center,Rochester,NY,,
0,2026,4A,4,A,RMU,FRST,0,0,0,0,TheLiberator,AI,Clearview Arena,Moon Township,PA,,
0,2026,4A,4,A,RPI,CC,0,0,0,0,AI,AI,Houston Field House,Troy,NY,,
0,2026,4A,4,A,SFU,MICH,0,0,0,0,AI,Spoof,Bill Copeland Sports Centre,Vancouver,BC,,
0,2026,4A,4,A,SHU,UNH,0,0,0,0,AI,AI,Martire Family Arena,Fairfield,CT,,
0,2026,4A,4,A,STMN,PROV,0,0,0,0,AI,AI,Lee and Penny Anderson Arena,Saint Paul,MN,,
0,2026,4A,4,A,TNST,DART,0,0,0,0,AI,AI,Gentry Center,Nashville,TN,,
0,2026,4A,4,A,UAH,WMU,0,0,0,0,AI,Jieret,Von Braun Center,Huntsville,AL,,
0,2026,4A,4,A,UML,ND,0,0,0,0,AI,AI,Tsongas Center,Lowell,MA,,
0,2026,4A,4,A,UND,UNLV,0,0,0,0,taffyowner,AI,Ralph Engelstad Arena,Grand Forks,ND,,
0,2026,4A,4,A,UNION,STON,0,0,0,0,AI,AI,Achilles Rink,Schenectady,NY,,
0,2026,4A,4,A,UNO,ARMY,0,0,0,0,AI,Zz3DWAFFLEzZ,Baxter Arena,Omaha,NE,,
0,2026,4A,4,A,USAF,DU,0,0,0,0,chaserck,Ricky Campbell,Cadet Ice Arena,Colorado Springs,CO,,
0,2026,4A,4,A,WISC,UAA,0,0,0,0,bundy,Kirby,Kohl Center,Madison,WI,,
0,2026,4A,4,A,WVU,MTU,0,0,0,0,smackemz3,Mightydog135,Wesbanco Arena,Morgantown,WV,,
0,2026,4A,4,A,UAF,LSS,0,0,0,0,acewulf,chadbird,Carlson Center,Fairbanks,AK,,
0,2026,4B,4,B,AIC,RIT,0,0,0,0,Dr_Novella,AI,MassMutual Center,Springfield,MA,,
0,2026,4B,4,B,UAF,LSS,0,0,0,0,acewulf,chadbird,Carlson Center,Fairbanks,AK,,
0,2026,4B,4,B,ARMY,NE,0,0,0,0,Zz3DWAFFLEzZ,AI,Tate Rink,West Point,NY,,
0,2026,4B,4,B,BC,MIAO,0,0,0,0,AI,AI,Conte Forum,Chestnut Hill,MA,,
0,2026,4B,4,B,BGSU,ASU,0,0,0,0,PoopyRhinoPickle,Rabbit,Slater Family Ice Arena,Bowling Green,OH,,
0,2026,4B,4,B,BING,ME,0,0,0,0,AI,AI,Visions Veterans Memorial Arena,Binghamton,NY,,
0,2026,4B,4,B,BU,CLRK,0,0,0,0,jmjacobs,Matty460,Agganis Arena,Boston,MA,,
0,2026,4B,4,B,CC,RPI,0,0,0,0,AI,AI,Ed Robson Arena,Colorado Springs,CO,,
0,2026,4B,4,B,COLG,MNSU,0,0,0,0,kgreene829,AI,Class of 1965 Arena,Colgate,NY,,
0,2026,4B,4,B,DART,TNST,0,0,0,0,AI,AI,Thompson Arena,Hanover,NH,,
0,2026,4B,4,B,DU,USAF,0,0,0,0,Ricky Campbell,chaserck,Magness Rena,Denver,CO,,
0,2026,4B,4,B,FRST,RMU,0,0,0,0,AI,TheLiberator,Ewigleben Arena,Big Rapids,MI,,
0,2026,4B,4,B,HC,BRWN,0,0,0,0,AI,AI,Hart Center,Worcester,MA,,
0,2026,4B,4,B,ILLI,MRCY,0,0,0,0,nemolee.exe,AI,Gies Ice Arena,Champaign,IL,,
0,2026,4B,4,B,LIND,BENT,0,0,0,0,AI,AI,Centene Community Ice Center,St. Charles,MO,,
0,2026,4B,4,B,LIU,BSU,0,0,0,0,subsequent,SageBow,Islanders Iceworks,Brooklyn,NY,,
0,2026,4B,4,B,MICH,OREG,0,0,0,0,Spoof,AI,Yost Ice Arena,Ann Arbor,MI,,
0,2026,4B,4,B,MINN,MSU,0,0,0,0,Minnow,AI,Mariucci Arena,Minneapolis,MN,,
0,2026,4B,4,B,MINOT,SFU,0,0,0,0,AI,AI,Maysa Arena,Minot,ND,,
0,2026,4B,4,B,MND,OLAF,0,0,0,0,TuscanSota,AI,AMSOIL Arena,Duluth,MN,,
0,2026,4B,4,B,MTU,WVU,0,0,0,0,Mightydog135,smackemz3,MacInnes Student Ice Arena,Houghton,MI,,
0,2026,4B,4,B,NMU,HARV,0,0,0,0,Newkbomb,kinch,Berry Events Center,Marquette,MI,,
0,2026,4B,4,B,NU,CONN,0,0,0,0,AI,AI,Dwyer Arena,Lewiston,NY,,
0,2026,4B,4,B,OSU,ND,0,0,0,0,AI,AI,Value City Arena,Columbus,OH,,
0,2026,4B,4,B,PRIN,CANI,0,0,0,0,AI,AI,Hobey Baker Memorial Rink,Princeton,NJ,,
0,2026,4B,4,B,PROV,STMN,0,0,0,0,AI,AI,Schneider Arena,Providence,RI,,
0,2026,4B,4,B,STCL,AGUS,0,0,0,0,AI,AI,Herb Brooks National Hockey Center,St. Cloud,MN,,
0,2026,4B,4,B,STL,MRMK,0,0,0,0,AI,AI,Appleton Arena,Canton,NY,,
0,2026,4B,4,B,STON,UNION,0,0,0,0,AI,AI,Bridgewater Ice Arena,Easton,MA,,
0,2026,4B,4,B,UAA,QUIN,0,0,0,0,Kirby,dotNectar,Sullivan Arena,Anchorage,AK,,
0,2026,4B,4,B,UML,COR,0,0,0,0,AI,Coach123,Tsongas Center,Lowell,MA,,
0,2026,4B,4,B,UNH,SHU,0,0,0,0,AI,AI,Whittemore Center,Durham,NH,,
0,2026,4B,4,B,UNLV,UND,0,0,0,0,AI,taffyowner,City National Arena,Las Vegas,NV,,
0,2026,4B,4,B,UNO,VT,0,0,0,0,AI,AI,Baxter Arena,Omaha,NE,,
0,2026,4B,4,B,WISC,PNST,0,0,0,0,bundy,AI,Kohl Center,Madison,WI,,
0,2026,4B,4,B,WMU,UAH,0,0,0,0,Jieret,AI,Lawson Arena,Kalamazoo,MI,,
0,2026,4B,4,B,YALE,MASS,0,0,0,0,AI,AI,Ingalls Rink,New Haven,CT,,
0,2026,5A,5,A,AGUS,STL,0,0,0,0,AI,AI,Midco Arena,Sioux Falls,SD,,
0,2026,5A,5,A,AIC,BENT,0,0,0,0,Dr_Novella,AI,MassMutual Center,Springfield,MA,,
0,2026,5A,5,A,ARMY,COLG,0,0,0,0,Zz3DWAFFLEzZ,kgreene829,Tate Rink,West Point,NY,,
0,2026,5A,5,A,ASU,UNLV,0,0,0,0,Rabbit,AI,Mullett Arena,Tempe,AZ,,
0,2026,5A,5,A,BC,SHU,0,0,0,0,AI,AI,Conte Forum,Chestnut Hill,MA,,
0,2026,5A,5,A,BGSU,UND,0,0,0,0,PoopyRhinoPickle,taffyowner,Slater Family Ice Arena,Bowling Green,OH,,
0,2026,5A,5,A,BSU,UAF,0,0,0,0,SageBow,acewulf,Sanford Center,Bemidji,MN,,
0,2026,5A,5,A,BU,RPI,0,0,0,0,jmjacobs,AI,Agganis Arena,Boston,MA,,
0,2026,5A,5,A,CANI,BING,0,0,0,0,AI,AI,LECOM Harborcenter,Buffalo,NY,,
0,2026,5A,5,A,CLRK,MINOT,0,0,0,0,Matty460,AI,Cheel Arena,Potsdam,NY,,
0,2026,5A,5,A,COR,MIAO,0,0,0,0,Coach123,AI,Lynah Rink,Ithaca,NY,,
0,2026,5A,5,A,DART,ME,0,0,0,0,AI,AI,Thompson Arena,Hanover,NH,,
0,2026,5A,5,A,DU,UNH,0,0,0,0,Ricky Campbell,AI,Magness Rena,Denver,CO,,
0,2026,5A,5,A,FRST,STCL,0,0,0,0,AI,AI,Ewigleben Arena,Big Rapids,MI,,
0,2026,5A,5,A,HC,HARV,0,0,0,0,AI,kinch,Hart Center,Worcester,MA,,
0,2026,5A,5,A,LIU,MTU,0,0,0,0,subsequent,Mightydog135,Islanders Iceworks,Brooklyn,NY,,
0,2026,5A,5,A,LSS,MND,0,0,0,0,chadbird,TuscanSota,Taffy Abel Arena,Sault Ste. Marie,MI,,
0,2026,5A,5,A,MASS,LIND,0,0,0,0,AI,AI,Mullins Center,Amherst,MA,,
0,2026,5A,5,A,MNSU,CONN,0,0,0,0,AI,AI,Mayo Clinic Health System Event Center,Mankato,MN,,
0,2026,5A,5,A,MRCY,TNST,0,0,0,0,AI,AI,Mercyhurst Ice Center,Erie,PA,,
0,2026,5A,5,A,MSU,WISC,0,0,0,0,AI,bundy,Munn Ice Arena,East Lansing,MI,,
0,2026,5A,5,A,ND,MICH,0,0,0,0,AI,Spoof,Compton Family Ice Arena,South Bend,IN,,
0,2026,5A,5,A,NE,UNION,0,0,0,0,AI,AI,Matthews Arena,Boston,MA,,
0,2026,5A,5,A,NU,MRMK,0,0,0,0,AI,AI,Dwyer Arena,Lewiston,NY,,
0,2026,5A,5,A,OLAF,VT,0,0,0,0,AI,AI,Skoglund Athletic Center,Northfield,MN,,
0,2026,5A,5,A,OREG,SFU,0,0,0,0,AI,AI,The Rink Exchange,Eugene,OR,,
0,2026,5A,5,A,OSU,MINN,0,0,0,0,AI,Minnow,Value City Arena,Columbus,OH,,
0,2026,5A,5,A,PNST,ILLI,0,0,0,0,AI,nemolee.exe,Pegula Ice Arena,State College,PA,,
0,2026,5A,5,A,PRIN,NMU,0,0,0,0,AI,Newkbomb,Hobey Baker Memorial Rink,Princeton,NJ,,
0,2026,5A,5,A,RIT,STON,0,0,0,0,AI,AI,Gene Polisseni Center,Rochester,NY,,
0,2026,5A,5,A,STMN,UAH,0,0,0,0,AI,AI,Lee and Penny Anderson Arena,Saint Paul,MN,,
0,2026,5A,5,A,UAA,UNO,0,0,0,0,Kirby,AI,Sullivan Arena,Anchorage,AK,,
0,2026,5A,5,A,UML,BRWN,0,0,0,0,AI,AI,Tsongas Center,Lowell,MA,,
0,2026,5A,5,A,USAF,CC,0,0,0,0,chaserck,AI,Cadet Ice Arena,Colorado Springs,CO,,
0,2026,5A,5,A,WMU,QUIN,0,0,0,0,Jieret,dotNectar,Lawson Arena,Kalamazoo,MI,,
0,2026,5A,5,A,WVU,RMU,0,0,0,0,smackemz3,TheLiberator,Wesbanco Arena,Morgantown,WV,,
0,2026,5A,5,A,YALE,PROV,0,0,0,0,AI,AI,Ingalls Rink,New Haven,CT,,
0,2026,5B,5,B,BENT,AIC,0,0,0,0,AI,Dr_Novella,Bentley Arena,Waltham,MA,,
0,2026,5B,5,B,BING,CANI,0,0,0,0,AI,AI,Visions Veterans Memorial Arena,Binghamton,NY,,
0,2026,5B,5,B,BRWN,UML,0,0,0,0,AI,AI,Meehan Auditorium,Providence,RI,,
0,2026,5B,5,B,CC,USAF,0,0,0,0,AI,chaserck,Ed Robson Arena,Colorado Springs,CO,,
0,2026,5B,5,B,COLG,ARMY,0,0,0,0,kgreene829,Zz3DWAFFLEzZ,Class of 1965 Arena,Colgate,NY,,
0,2026,5B,5,B,CONN,MNSU,0,0,0,0,AI,AI,Toscano Family Ice Forum,Storrs,CT,,
0,2026,5B,5,B,HARV,HC,0,0,0,0,kinch,AI,Bright-Landry Hockey Center,Cambridge,MA,,
0,2026,5B,5,B,ILLI,OREG,0,0,0,0,nemolee.exe,AI,Gies Ice Arena,Champaign,IL,,
0,2026,5B,5,B,LIND,OLAF,0,0,0,0,AI,AI,Centene Community Ice Center,St. Charles,MO,,
0,2026,5B,5,B,ME,DART,0,0,0,0,AI,AI,Harold Alfond Sports Arena,Orono,ME,,
0,2026,5B,5,B,MIAO,COR,0,0,0,0,AI,Coach123,Goggin Ice Center,Oxford,OH,,
0,2026,5B,5,B,MICH,MINN,0,0,0,0,Spoof,Minnow,Yost Ice Arena,Ann Arbor,MI,,
0,2026,5B,5,B,MINOT,CLRK,0,0,0,0,AI,Matty460,Maysa Arena,Minot,ND,,
0,2026,5B,5,B,MND,LSS,0,0,0,0,TuscanSota,chadbird,AMSOIL Arena,Duluth,MN,,
0,2026,5B,5,B,MRMK,NU,0,0,0,0,AI,AI,J. Thom Lawler Rink,North Andover,MA,,
0,2026,5B,5,B,MTU,LIU,0,0,0,0,Mightydog135,subsequent,MacInnes Student Ice Arena,Houghton,MI,,
0,2026,5B,5,B,NMU,PRIN,0,0,0,0,Newkbomb,AI,Berry Events Center,Marquette,MI,,
0,2026,5B,5,B,PNST,MSU,0,0,0,0,AI,AI,Pegula Ice Arena,State College,PA,,
0,2026,5B,5,B,PROV,YALE,0,0,0,0,AI,AI,Schneider Arena,Providence,RI,,
0,2026,5B,5,B,QUIN,WMU,0,0,0,0,dotNectar,Jieret,M&T Bank Arena,Hamden,CT,,
0,2026,5B,5,B,RMU,WVU,0,0,0,0,TheLiberator,smackemz3,Clearview Arena,Moon Township,PA,,
0,2026,5B,5,B,RPI,BU,0,0,0,0,AI,jmjacobs,Houston Field House,Troy,NY,,
0,2026,5B,5,B,SFU,MRCY,0,0,0,0,AI,AI,Bill Copeland Sports Centre,Vancouver,BC,,
0,2026,5B,5,B,SHU,BC,0,0,0,0,AI,AI,Martire Family Arena,Fairfield,CT,,
0,2026,5B,5,B,STCL,FRST,0,0,0,0,AI,AI,Herb Brooks National Hockey Center,St. Cloud,MN,,
0,2026,5B,5,B,STL,AGUS,0,0,0,0,AI,AI,Appleton Arena,Canton,NY,,
0,2026,5B,5,B,STON,RIT,0,0,0,0,AI,AI,Bridgewater Ice Arena,Easton,MA,,
0,2026,5B,5,B,TNST,ND,0,0,0,0,AI,AI,Gentry Center,Nashville,TN,,
0,2026,5B,5,B,UAF,BSU,0,0,0,0,acewulf,SageBow,Carlson Center,Fairbanks,AK,,
0,2026,5B,5,B,UAH,STMN,0,0,0,0,AI,AI,Von Braun Center,Huntsville,AL,,
0,2026,5B,5,B,UND,BGSU,0,0,0,0,taffyowner,PoopyRhinoPickle,Ralph Engelstad Arena,Grand Forks,ND,,
0,2026,5B,5,B,UNH,DU,0,0,0,0,AI,Ricky Campbell,Whittemore Center,Durham,NH,,
0,2026,5B,5,B,UNION,NE,0,0,0,0,AI,AI,Achilles Rink,Schenectady,NY,,
0,2026,5B,5,B,UNLV,ASU,0,0,0,0,AI,Rabbit,City National Arena,Las Vegas,NV,,
0,2026,5B,5,B,UNO,UAA,0,0,0,0,AI,Kirby,Baxter Arena,Omaha,NE,,
0,2026,5B,5,B,VT,MASS,0,0,0,0,AI,AI,Gutterson Fieldhouse,Burlington,VT,,
0,2026,5B,5,B,WISC,OSU,0,0,0,0,bundy,AI,Kohl Center,Madison,WI,,
0,2026,6A,6,A,AGUS,BSU,0,0,0,0,AI,SageBow,Midco Arena,Sioux Falls,SD,,
0,2026,6A,6,A,ARMY,NU,0,0,0,0,Zz3DWAFFLEzZ,AI,Tate Rink,West Point,NY,,
0,2026,6A,6,A,BC,VT,0,0,0,0,AI,AI,Conte Forum,Chestnut Hill,MA,,
0,2026,6A,6,A,BENT,SHU,0,0,0,0,AI,AI,Bentley Arena,Waltham,MA,,
0,2026,6A,6,A,BGSU,MTU,0,0,0,0,PoopyRhinoPickle,Mightydog135,Slater Family Ice Arena,Bowling Green,OH,,
0,2026,6A,6,A,BRWN,LIND,0,0,0,0,AI,AI,Meehan Auditorium,Providence,RI,,
0,2026,6A,6,A,BU,UNH,0,0,0,0,jmjacobs,AI,Agganis Arena,Boston,MA,,
0,2026,6A,6,A,CANI,RIT,0,0,0,0,AI,AI,LECOM Harborcenter,Buffalo,NY,,
0,2026,6A,6,A,CC,WMU,0,0,0,0,AI,Jieret,Ed Robson Arena,Colorado Springs,CO,,
0,2026,6A,6,A,CONN,PROV,0,0,0,0,AI,AI,Toscano Family Ice Forum,Storrs,CT,,
0,2026,6A,6,A,COR,BING,0,0,0,0,Coach123,AI,Lynah Rink,Ithaca,NY,,
0,2026,6A,6,A,DU,MIAO,0,0,0,0,Ricky Campbell,AI,Magness Rena,Denver,CO,,
0,2026,6A,6,A,HARV,MASS,0,0,0,0,kinch,AI,Bright-Landry Hockey Center,Cambridge,MA,,
0,2026,6A,6,A,HC,MRCY,0,0,0,0,AI,AI,Hart Center,Worcester,MA,,
0,2026,6A,6,A,LSS,NMU,0,0,0,0,chadbird,Newkbomb,Taffy Abel Arena,Sault Ste. Marie,MI,,
0,2026,6A,6,A,ME,MRMK,0,0,0,0,AI,AI,Harold Alfond Sports Arena,Orono,ME,,
0,2026,6A,6,A,MICH,WISC,0,0,0,0,Spoof,bundy,Yost Ice Arena,Ann Arbor,MI,,
0,2026,6A,6,A,MINN,RPI,0,0,0,0,Minnow,AI,Mariucci Arena,Minneapolis,MN,,
0,2026,6A,6,A,MND,UND,0,0,0,0,TuscanSota,taffyowner,AMSOIL Arena,Duluth,MN,,
0,2026,6A,6,A,MNSU,FRST,0,0,0,0,AI,AI,Mayo Clinic Health System Event Center,Mankato,MN,,
0,2026,6A,6,A,MSU,ILLI,0,0,0,0,AI,nemolee.exe,Munn Ice Arena,East Lansing,MI,,
0,2026,6A,6,A,ND,OREG,0,0,0,0,AI,AI,Compton Family Ice Arena,South Bend,IN,,
0,2026,6A,6,A,OLAF,DART,0,0,0,0,AI,AI,Skoglund Athletic Center,Northfield,MN,,
0,2026,6A,6,A,OSU,PNST,0,0,0,0,AI,AI,Value City Arena,Columbus,OH,,
0,2026,6A,6,A,QUIN,AIC,0,0,0,0,dotNectar,Dr_Novella,M&T Bank Arena,Hamden,CT,,
0,2026,6A,6,A,RMU,USAF,0,0,0,0,TheLiberator,chaserck,Clearview Arena,Moon Township,PA,,
0,2026,6A,6,A,SFU,UNLV,0,0,0,0,AI,AI,Bill Copeland Sports Centre,Vancouver,BC,,
0,2026,6A,6,A,STCL,UNO,0,0,0,0,AI,AI,Herb Brooks National Hockey Center,St. Cloud,MN,,
0,2026,6A,6,A,STL,STON,0,0,0,0,AI,AI,Appleton Arena,Canton,NY,,
0,2026,6A,6,A,STMN,ASU,0,0,0,0,AI,Rabbit,Lee and Penny Anderson Arena,Saint Paul,MN,,
0,2026,6A,6,A,TNST,MINOT,0,0,0,0,AI,AI,Gentry Center,Nashville,TN,,
0,2026,6A,6,A,UAA,UNION,0,0,0,0,Kirby,AI,Sullivan Arena,Anchorage,AK,,
0,2026,6A,6,A,UAF,COLG,0,0,0,0,acewulf,kgreene829,Carlson Center,Fairbanks,AK,,
0,2026,6A,6,A,UAH,PRIN,0,0,0,0,AI,AI,Von Braun Center,Huntsville,AL,,
0,2026,6A,6,A,UML,NE,0,0,0,0,AI,AI,Tsongas Center,Lowell,MA,,
0,2026,6A,6,A,YALE,WVU,0,0,0,0,AI,smackemz3,Ingalls Rink,New Haven,CT,,
0,2026,6A,6,A,LIU,CLRK,0,0,0,0,subsequent,Matty460,Islanders Iceworks,Brooklyn,NY,,
0,2026,6B,6,B,CLRK,LIU,0,0,0,0,Matty460,subsequent,Cheel Arena,Potsdam,NY,,
0,2026,6B,6,B,AIC,QUIN,0,0,0,0,Dr_Novella,dotNectar,MassMutual Center,Springfield,MA,,
0,2026,6B,6,B,ARMY,RMU,0,0,0,0,Zz3DWAFFLEzZ,TheLiberator,Tate Rink,West Point,NY,,
0,2026,6B,6,B,ASU,DU,0,0,0,0,Rabbit,Ricky Campbell,Mullett Arena,Tempe,AZ,,
0,2026,6B,6,B,BC,MASS,0,0,0,0,AI,AI,Conte Forum,Chestnut Hill,MA,,
0,2026,6B,6,B,BGSU,AGUS,0,0,0,0,PoopyRhinoPickle,AI,Slater Family Ice Arena,Bowling Green,OH,,
0,2026,6B,6,B,BING,COR,0,0,0,0,AI,Coach123,Visions Veterans Memorial Arena,Binghamton,NY,,
0,2026,6B,6,B,BSU,LSS,0,0,0,0,SageBow,chadbird,Sanford Center,Bemidji,MN,,
0,2026,6B,6,B,BU,WISC,0,0,0,0,jmjacobs,bundy,Agganis Arena,Boston,MA,,
0,2026,6B,6,B,COLG,UAF,0,0,0,0,kgreene829,acewulf,Class of 1965 Arena,Colgate,NY,,
0,2026,6B,6,B,DART,OLAF,0,0,0,0,AI,AI,Thompson Arena,Hanover,NH,,
0,2026,6B,6,B,ILLI,ND,0,0,0,0,nemolee.exe,AI,Gies Ice Arena,Champaign,IL,,
0,2026,6B,6,B,LIND,BRWN,0,0,0,0,AI,AI,Centene Community Ice Center,St. Charles,MO,,
0,2026,6B,6,B,MIAO,UNO,0,0,0,0,AI,AI,Goggin Ice Center,Oxford,OH,,
0,2026,6B,6,B,MINOT,TNST,0,0,0,0,AI,AI,Maysa Arena,Minot,ND,,
0,2026,6B,6,B,MRMK,NE,0,0,0,0,AI,AI,J. Thom Lawler Rink,North Andover,MA,,
0,2026,6B,6,B,MSU,OSU,0,0,0,0,AI,AI,Munn Ice Arena,East Lansing,MI,,
0,2026,6B,6,B,MTU,FRST,0,0,0,0,Mightydog135,AI,MacInnes Student Ice Arena,Houghton,MI,,
0,2026,6B,6,B,NMU,MNSU,0,0,0,0,Newkbomb,AI,Berry Events Center,Marquette,MI,,
0,2026,6B,6,B,NU,CANI,0,0,0,0,AI,AI,Dwyer Arena,Lewiston,NY,,
0,2026,6B,6,B,OREG,MINN,0,0,0,0,AI,Minnow,The Rink Exchange,Eugene,OR,,
0,2026,6B,6,B,PNST,MICH,0,0,0,0,AI,Spoof,Pegula Ice Arena,State College,PA,,
0,2026,6B,6,B,PRIN,UAH,0,0,0,0,AI,AI,Hobey Baker Memorial Rink,Princeton,NJ,,
0,2026,6B,6,B,PROV,ME,0,0,0,0,AI,AI,Schneider Arena,Providence,RI,,
0,2026,6B,6,B,RIT,MRCY,0,0,0,0,AI,AI,Gene Polisseni Center,Rochester,NY,,
0,2026,6B,6,B,RPI,SFU,0,0,0,0,AI,AI,Houston Field House,Troy,NY,,
0,2026,6B,6,B,SHU,HC,0,0,0,0,AI,AI,Martire Family Arena,Fairfield,CT,,
0,2026,6B,6,B,STMN,MND,0,0,0,0,AI,TuscanSota,Lee and Penny Anderson Arena,Saint Paul,MN,,
0,2026,6B,6,B,STON,STL,0,0,0,0,AI,AI,Bridgewater Ice Arena,Easton,MA,,
0,2026,6B,6,B,UND,CC,0,0,0,0,taffyowner,AI,Ralph Engelstad Arena,Grand Forks,ND,,
0,2026,6B,6,B,UNH,CONN,0,0,0,0,AI,AI,Whittemore Center,Durham,NH,,
0,2026,6B,6,B,UNION,UAA,0,0,0,0,AI,Kirby,Achilles Rink,Schenectady,NY,,
0,2026,6B,6,B,UNLV,HARV,0,0,0,0,AI,kinch,City National Arena,Las Vegas,NV,,
0,2026,6B,6,B,USAF,BENT,0,0,0,0,chaserck,AI,Cadet Ice Arena,Colorado Springs,CO,,
0,2026,6B,6,B,VT,UML,0,0,0,0,AI,AI,Gutterson Fieldhouse,Burlington,VT,,
0,2026,6B,6,B,WMU,STCL,0,0,0,0,Jieret,AI,Lawson Arena,Kalamazoo,MI,,
0,2026,6B,6,B,WVU,YALE,0,0,0,0,smackemz3,AI,Wesbanco Arena,Morgantown,WV,,
0,2026,7A,7,A,AGUS,MTU,0,0,0,0,AI,Mightydog135,Midco Arena,Sioux Falls,SD,,
0,2026,7A,7,A,AIC,LIU,0,0,0,0,Dr_Novella,subsequent,MassMutual Center,Springfield,MA,,
0,2026,7A,7,A,BENT,ARMY,0,0,0,0,AI,Zz3DWAFFLEzZ,Bentley Arena,Waltham,MA,,
0,2026,7A,7,A,BING,TNST,0,0,0,0,AI,AI,Visions Veterans Memorial Arena,Binghamton,NY,,
0,2026,7A,7,A,BRWN,UNION,0,0,0,0,AI,AI,Meehan Auditorium,Providence,RI,,
0,2026,7A,7,A,CANI,RMU,0,0,0,0,AI,TheLiberator,LECOM Harborcenter,Buffalo,NY,,
0,2026,7A,7,A,CC,STMN,0,0,0,0,AI,AI,Ed Robson Arena,Colorado Springs,CO,,
0,2026,7A,7,A,CLRK,COLG,0,0,0,0,Matty460,kgreene829,Cheel Arena,Potsdam,NY,,
0,2026,7A,7,A,COR,PRIN,0,0,0,0,Coach123,AI,Lynah Rink,Ithaca,NY,,
0,2026,7A,7,A,DU,MND,0,0,0,0,Ricky Campbell,TuscanSota,Magness Rena,Denver,CO,,
0,2026,7A,7,A,FRST,NMU,0,0,0,0,AI,Newkbomb,Ewigleben Arena,Big Rapids,MI,,
0,2026,7A,7,A,HARV,DART,0,0,0,0,kinch,AI,Bright-Landry Hockey Center,Cambridge,MA,,
0,2026,7A,7,A,HC,RIT,0,0,0,0,AI,AI,Hart Center,Worcester,MA,,
0,2026,7A,7,A,LIND,MINOT,0,0,0,0,AI,AI,Centene Community Ice Center,St. Charles,MO,,
0,2026,7A,7,B,LIU,AIC,0,0,0,0,subsequent,Dr_Novella,Islanders Iceworks,Brooklyn,NY,,
0,2026,7A,7,A,LSS,BGSU,0,0,0,0,chadbird,PoopyRhinoPickle,Taffy Abel Arena,Sault Ste. Marie,MI,,
0,2026,7A,7,A,MASS,PROV,0,0,0,0,AI,AI,Mullins Center,Amherst,MA,,
0,2026,7A,7,A,MICH,MSU,0,0,0,0,Spoof,AI,Yost Ice Arena,Ann Arbor,MI,,
0,2026,7A,7,A,MINN,ND,0,0,0,0,Minnow,AI,Mariucci Arena,Minneapolis,MN,,
0,2026,7A,7,A,MNSU,BSU,0,0,0,0,AI,SageBow,Mayo Clinic Health System Event Center,Mankato,MN,,
0,2026,7A,7,A,MRCY,NU,0,0,0,0,AI,AI,Mercyhurst Ice Center,Erie,PA,,
0,2026,7A,7,A,MRMK,BC,0,0,0,0,AI,AI,J. Thom Lawler Rink,North Andover,MA,,
0,2026,7A,7,A,NE,CONN,0,0,0,0,AI,AI,Matthews Arena,Boston,MA,,
0,2026,7A,7,A,OSU,ILLI,0,0,0,0,AI,nemolee.exe,Value City Arena,Columbus,OH,,
0,2026,7A,7,A,QUIN,RPI,0,0,0,0,dotNectar,AI,M&T Bank Arena,Hamden,CT,,
0,2026,7A,7,A,SHU,USAF,0,0,0,0,AI,chaserck,Martire Family Arena,Fairfield,CT,,
0,2026,7A,7,A,STCL,MIAO,0,0,0,0,AI,AI,Herb Brooks National Hockey Center,St. Cloud,MN,,
0,2026,7A,7,A,STL,YALE,0,0,0,0,AI,AI,Appleton Arena,Canton,NY,,
0,2026,7A,7,A,STON,UNLV,0,0,0,0,AI,AI,Bridgewater Ice Arena,Easton,MA,,
0,2026,7A,7,A,UAA,OLAF,0,0,0,0,Kirby,AI,Sullivan Arena,Anchorage,AK,,
0,2026,7A,7,A,UAF,SFU,0,0,0,0,acewulf,AI,Carlson Center,Fairbanks,AK,,
0,2026,7A,7,A,UAH,WVU,0,0,0,0,AI,smackemz3,Von Braun Center,Huntsville,AL,,
0,2026,7A,7,A,UML,BU,0,0,0,0,AI,jmjacobs,Tsongas Center,Lowell,MA,,
0,2026,7A,7,A,UNH,ME,0,0,0,0,AI,AI,Whittemore Center,Durham,NH,,
0,2026,7A,7,A,UNO,ASU,0,0,0,0,AI,Rabbit,Baxter Arena,Omaha,NE,,
0,2026,7A,7,A,VT,PNST,0,0,0,0,AI,AI,Gutterson Fieldhouse,Burlington,VT,,
0,2026,7A,7,A,WISC,OREG,0,0,0,0,bundy,AI,Kohl Center,Madison,WI,,
0,2026,7A,7,A,WMU,UND,0,0,0,0,Jieret,taffyowner,Lawson Arena,Kalamazoo,MI,,
0,2026,7B,7,B,AGUS,LSS,0,0,0,0,AI,chadbird,Midco Arena,Sioux Falls,SD,,
0,2026,7B,7,B,ARMY,SHU,0,0,0,0,Zz3DWAFFLEzZ,AI,Tate Rink,West Point,NY,,
0,2026,7B,7,B,ASU,MIAO,0,0,0,0,Rabbit,AI,Mullett Arena,Tempe,AZ,,
0,2026,7B,7,B,BGSU,MNSU,0,0,0,0,PoopyRhinoPickle,AI,Slater Family Ice Arena,Bowling Green,OH,,
0,2026,7B,7,B,BSU,FRST,0,0,0,0,SageBow,AI,Sanford Center,Bemidji,MN,,
0,2026,7B,7,B,BU,MRMK,0,0,0,0,jmjacobs,AI,Agganis Arena,Boston,MA,,
0,2026,7B,7,B,CANI,BENT,0,0,0,0,AI,AI,LECOM Harborcenter,Buffalo,NY,,
0,2026,7B,7,B,COR,HARV,0,0,0,0,Coach123,kinch,Lynah Rink,Ithaca,NY,,
0,2026,7B,7,B,DART,BRWN,0,0,0,0,AI,AI,Thompson Arena,Hanover,NH,,
0,2026,7B,7,B,DU,CC,0,0,0,0,Ricky Campbell,AI,Magness Rena,Denver,CO,,
0,2026,7B,7,B,ILLI,MINN,0,0,0,0,nemolee.exe,Minnow,Gies Ice Arena,Champaign,IL,,
0,2026,7B,7,B,LIND,TNST,0,0,0,0,AI,AI,Centene Community Ice Center,St. Charles,MO,,
0,2026,7B,7,B,MASS,UNH,0,0,0,0,AI,AI,Mullins Center,Amherst,MA,,
0,2026,7B,7,B,ME,VT,0,0,0,0,AI,AI,Harold Alfond Sports Arena,Orono,ME,,
0,2026,7B,7,B,MINOT,STON,0,0,0,0,AI,AI,Maysa Arena,Minot,ND,,
0,2026,7B,7,B,MND,UNO,0,0,0,0,TuscanSota,AI,AMSOIL Arena,Duluth,MN,,
0,2026,7B,7,B,MTU,NMU,0,0,0,0,Mightydog135,Newkbomb,MacInnes Student Ice Arena,Houghton,MI,,
0,2026,7B,7,B,ND,WISC,0,0,0,0,AI,bundy,Compton Family Ice Arena,South Bend,IN,,
0,2026,7B,7,B,NE,MSU,0,0,0,0,AI,AI,Matthews Arena,Boston,MA,,
0,2026,7B,7,B,NU,RIT,0,0,0,0,AI,AI,Dwyer Arena,Lewiston,NY,,
0,2026,7B,7,B,OLAF,UAA,0,0,0,0,AI,Kirby,Skoglund Athletic Center,Northfield,MN,,
0,2026,7B,7,B,OREG,PNST,0,0,0,0,AI,AI,The Rink Exchange,Eugene,OR,,
0,2026,7B,7,B,OSU,MICH,0,0,0,0,AI,Spoof,Value City Arena,Columbus,OH,,
0,2026,7B,7,B,PRIN,QUIN,0,0,0,0,AI,dotNectar,Hobey Baker Memorial Rink,Princeton,NJ,,
0,2026,7B,7,B,PROV,BC,0,0,0,0,AI,AI,Schneider Arena,Providence,RI,,
0,2026,7B,7,B,RMU,MRCY,0,0,0,0,TheLiberator,AI,Clearview Arena,Moon Township,PA,,
0,2026,7B,7,B,RPI,STL,0,0,0,0,AI,AI,Houston Field House,Troy,NY,,
0,2026,7B,7,B,SFU,UAF,0,0,0,0,AI,acewulf,Bill Copeland Sports Centre,Vancouver,BC,,
0,2026,7B,7,B,STMN,WMU,0,0,0,0,AI,Jieret,Lee and Penny Anderson Arena,Saint Paul,MN,,
0,2026,7B,7,B,UML,CONN,0,0,0,0,AI,AI,Tsongas Center,Lowell,MA,,
0,2026,7B,7,B,UND,STCL,0,0,0,0,taffyowner,AI,Ralph Engelstad Arena,Grand Forks,ND,,
0,2026,7B,7,B,UNION,COLG,0,0,0,0,AI,kgreene829,Achilles Rink,Schenectady,NY,,
0,2026,7B,7,B,UNLV,BING,0,0,0,0,AI,AI,City National Arena,Las Vegas,NV,,
0,2026,7B,7,B,USAF,HC,0,0,0,0,chaserck,AI,Cadet Ice Arena,Colorado Springs,CO,,
0,2026,7B,7,B,WVU,UAH,0,0,0,0,smackemz3,AI,Wesbanco Arena,Morgantown,WV,,
0,2026,7B,7,B,YALE,CLRK,0,0,0,0,AI,Matty460,Ingalls Rink,New Haven,CT,,
0,2026,8A,8,A,BC,UML,0,0,0,0,AI,AI,Conte Forum,Chestnut Hill,MA,,
0,2026,8A,8,A,BRWN,COR,0,0,0,0,AI,Coach123,Meehan Auditorium,Providence,RI,,
0,2026,8A,8,A,CLRK,UNION,0,0,0,0,Matty460,AI,Cheel Arena,Potsdam,NY,,
0,2026,8A,8,A,COLG,DART,0,0,0,0,kgreene829,AI,Class of 1965 Arena,Colgate,NY,,
0,2026,8A,8,A,CONN,BU,0,0,0,0,AI,jmjacobs,Toscano Family Ice Forum,Storrs,CT,,
0,2026,8A,8,A,FRST,BGSU,0,0,0,0,AI,PoopyRhinoPickle,Ewigleben Arena,Big Rapids,MI,,
0,2026,8A,8,A,HC,NU,0,0,0,0,AI,AI,Hart Center,Worcester,MA,,
0,2026,8A,8,A,LIND,UNLV,0,0,0,0,AI,AI,Centene Community Ice Center,St. Charles,MO,,
0,2026,8A,8,A,LIU,BING,0,0,0,0,subsequent,AI,Islanders Iceworks,Brooklyn,NY,,
0,2026,8A,8,A,LSS,MTU,0,0,0,0,chadbird,Mightydog135,Taffy Abel Arena,Sault Ste. Marie,MI,,
0,2026,8A,8,A,MIAO,MND,0,0,0,0,AI,TuscanSota,Goggin Ice Center,Oxford,OH,,
0,2026,8A,8,A,MICH,ILLI,0,0,0,0,Spoof,nemolee.exe,Yost Ice Arena,Ann Arbor,MI,,
0,2026,8A,8,A,MNSU,AGUS,0,0,0,0,AI,AI,Mayo Clinic Health System Event Center,Mankato,MN,,
0,2026,8A,8,A,MRCY,BENT,0,0,0,0,AI,AI,Mercyhurst Ice Center,Erie,PA,,
0,2026,8A,8,A,NE,MASS,0,0,0,0,AI,AI,Matthews Arena,Boston,MA,,
0,2026,8A,8,A,NMU,BSU,0,0,0,0,Newkbomb,SageBow,Berry Events Center,Marquette,MI,,
0,2026,8A,8,A,OLAF,MINOT,0,0,0,0,AI,AI,Skoglund Athletic Center,Northfield,MN,,
0,2026,8A,8,A,OREG,MSU,0,0,0,0,AI,AI,The Rink Exchange,Eugene,OR,,
0,2026,8A,8,A,OSU,ME,0,0,0,0,AI,AI,Value City Arena,Columbus,OH,,
0,2026,8A,8,A,PNST,ND,0,0,0,0,AI,AI,Pegula Ice Arena,State College,PA,,
0,2026,8A,8,A,PROV,UNH,0,0,0,0,AI,AI,Schneider Arena,Providence,RI,,
0,2026,8A,8,A,QUIN,HARV,0,0,0,0,dotNectar,kinch,M&T Bank Arena,Hamden,CT,,
0,2026,8A,8,A,RIT,RMU,0,0,0,0,AI,TheLiberator,Gene Polisseni Center,Rochester,NY,,
0,2026,8A,8,A,SFU,STON,0,0,0,0,AI,AI,Bill Copeland Sports Centre,Vancouver,BC,,
0,2026,8A,8,A,SHU,CANI,0,0,0,0,AI,AI,Martire Family Arena,Fairfield,CT,,
0,2026,8A,8,A,STCL,ASU,0,0,0,0,AI,Rabbit,Herb Brooks National Hockey Center,St. Cloud,MN,,
0,2026,8A,8,A,STL,PRIN,0,0,0,0,AI,AI,Appleton Arena,Canton,NY,,
0,2026,8A,8,A,TNST,UAF,0,0,0,0,AI,acewulf,Gentry Center,Nashville,TN,,
0,2026,8A,8,A,UAA,UAH,0,0,0,0,Kirby,AI,Sullivan Arena,Anchorage,AK,,
0,2026,8A,8,A,UND,STMN,0,0,0,0,taffyowner,AI,Ralph Engelstad Arena,Grand Forks,ND,,
0,2026,8A,8,A,UNO,CC,0,0,0,0,AI,AI,Baxter Arena,Omaha,NE,,
0,2026,8A,8,A,USAF,ARMY,0,0,0,0,chaserck,Zz3DWAFFLEzZ,Cadet Ice Arena,Colorado Springs,CO,,
0,2026,8A,8,A,VT,MRMK,0,0,0,0,AI,AI,Gutterson Fieldhouse,Burlington,VT,,
0,2026,8A,8,A,WISC,MINN,0,0,0,0,bundy,Minnow,Kohl Center,Madison,WI,,
0,2026,8A,8,A,WMU,DU,0,0,0,0,Jieret,Ricky Campbell,Lawson Arena,Kalamazoo,MI,,
0,2026,8A,8,A,WVU,AIC,0,0,0,0,smackemz3,Dr_Novella,Wesbanco Arena,Morgantown,WV,,
0,2026,8A,8,A,YALE,RPI,0,0,0,0,AI,AI,Ingalls Rink,New Haven,CT,,
0,2026,8B,8,B,AGUS,FRST,0,0,0,0,AI,AI,Midco Arena,Sioux Falls,SD,,
0,2026,8B,8,B,AIC,WVU,0,0,0,0,Dr_Novella,smackemz3,MassMutual Center,Springfield,MA,,
0,2026,8B,8,B,ARMY,HC,0,0,0,0,Zz3DWAFFLEzZ,AI,Tate Rink,West Point,NY,,
0,2026,8B,8,B,BENT,RIT,0,0,0,0,AI,AI,Bentley Arena,Waltham,MA,,
0,2026,8B,8,B,BGSU,NMU,0,0,0,0,PoopyRhinoPickle,Newkbomb,Slater Family Ice Arena,Bowling Green,OH,,
0,2026,8B,8,B,BING,LIU,0,0,0,0,AI,subsequent,Visions Veterans Memorial Arena,Binghamton,NY,,
0,2026,8B,8,B,BU,PROV,0,0,0,0,jmjacobs,AI,Agganis Arena,Boston,MA,,
0,2026,8B,8,B,CANI,USAF,0,0,0,0,AI,chaserck,LECOM Harborcenter,Buffalo,NY,,
0,2026,8B,8,B,CC,MIAO,0,0,0,0,AI,AI,Ed Robson Arena,Colorado Springs,CO,,
0,2026,8B,8,B,CONN,MASS,0,0,0,0,AI,AI,Toscano Family Ice Forum,Storrs,CT,,
0,2026,8B,8,B,COR,COLG,0,0,0,0,Coach123,kgreene829,Lynah Rink,Ithaca,NY,,
0,2026,8B,8,B,DART,UNION,0,0,0,0,AI,AI,Thompson Arena,Hanover,NH,,
0,2026,8B,8,B,DU,UND,0,0,0,0,Ricky Campbell,taffyowner,Magness Rena,Denver,CO,,
0,2026,8B,8,B,HARV,STL,0,0,0,0,kinch,AI,Bright-Landry Hockey Center,Cambridge,MA,,
0,2026,8B,8,B,ILLI,WISC,0,0,0,0,nemolee.exe,bundy,Gies Ice Arena,Champaign,IL,,
0,2026,8B,8,B,LSS,MNSU,0,0,0,0,chadbird,AI,Taffy Abel Arena,Sault Ste. Marie,MI,,
0,2026,8B,8,B,ME,UML,0,0,0,0,AI,AI,Harold Alfond Sports Arena,Orono,ME,,
0,2026,8B,8,B,MINN,PNST,0,0,0,0,Minnow,AI,Mariucci Arena,Minneapolis,MN,,
0,2026,8B,8,B,MND,ASU,0,0,0,0,TuscanSota,Rabbit,AMSOIL Arena,Duluth,MN,,
0,2026,8B,8,B,MRCY,SHU,0,0,0,0,AI,AI,Mercyhurst Ice Center,Erie,PA,,
0,2026,8B,8,B,MRMK,OLAF,0,0,0,0,AI,AI,J. Thom Lawler Rink,North Andover,MA,,
0,2026,8B,8,B,MTU,BSU,0,0,0,0,Mightydog135,SageBow,MacInnes Student Ice Arena,Houghton,MI,,
0,2026,8B,8,B,ND,MSU,0,0,0,0,AI,AI,Compton Family Ice Arena,South Bend,IN,,
0,2026,8B,8,B,NE,LIND,0,0,0,0,AI,AI,Matthews Arena,Boston,MA,,
0,2026,8B,8,B,OSU,OREG,0,0,0,0,AI,AI,Value City Arena,Columbus,OH,,
0,2026,8B,8,B,PRIN,YALE,0,0,0,0,AI,AI,Hobey Baker Memorial Rink,Princeton,NJ,,
0,2026,8B,8,B,QUIN,BRWN,0,0,0,0,dotNectar,AI,M&T Bank Arena,Hamden,CT,,
0,2026,8B,8,B,RMU,NU,0,0,0,0,TheLiberator,AI,Clearview Arena,Moon Township,PA,,
0,2026,8B,8,B,RPI,CLRK,0,0,0,0,AI,Matty460,Houston Field House,Troy,NY,,
0,2026,8B,8,B,STMN,STCL,0,0,0,0,AI,AI,Lee and Penny Anderson Arena,Saint Paul,MN,,
0,2026,8B,8,B,STON,SFU,0,0,0,0,AI,AI,Bridgewater Ice Arena,Easton,MA,,
0,2026,8B,8,B,TNST,MICH,0,0,0,0,AI,Spoof,Gentry Center,Nashville,TN,,
0,2026,8B,8,B,UAF,BC,0,0,0,0,acewulf,AI,Carlson Center,Fairbanks,AK,,
0,2026,8B,8,B,UAH,UAA,0,0,0,0,AI,Kirby,Von Braun Center,Huntsville,AL,,
0,2026,8B,8,B,UNH,VT,0,0,0,0,AI,AI,Whittemore Center,Durham,NH,,
0,2026,8B,8,B,UNLV,MINOT,0,0,0,0,AI,AI,City National Arena,Las Vegas,NV,,
0,2026,8B,8,B,UNO,WMU,0,0,0,0,AI,Jieret,Baxter Arena,Omaha,NE,,
0,2026,9A,9,A,ARMY,CANI,0,0,0,0,Zz3DWAFFLEzZ,AI,Tate Rink,West Point,NY,,
0,2026,9A,9,A,ASU,CC,0,0,0,0,Rabbit,AI,Mullett Arena,Tempe,AZ,,
0,2026,9A,9,A,BC,ME,0,0,0,0,AI,AI,Conte Forum,Chestnut Hill,MA,,
0,2026,9A,9,A,BSU,BGSU,0,0,0,0,SageBow,PoopyRhinoPickle,Sanford Center,Bemidji,MN,,
0,2026,9A,9,A,CLRK,DART,0,0,0,0,Matty460,AI,Cheel Arena,Potsdam,NY,,
0,2026,9A,9,A,COLG,QUIN,0,0,0,0,kgreene829,dotNectar,Class of 1965 Arena,Colgate,NY,,
0,2026,9A,9,A,CONN,STON,0,0,0,0,AI,AI,Toscano Family Ice Forum,Storrs,CT,,
0,2026,9A,9,A,FRST,LSS,0,0,0,0,AI,chadbird,Ewigleben Arena,Big Rapids,MI,,
0,2026,9A,9,A,HC,RMU,0,0,0,0,AI,TheLiberator,Hart Center,Worcester,MA,,
0,2026,9A,9,A,LIU,UAF,0,0,0,0,subsequent,acewulf,Islanders Iceworks,Brooklyn,NY,,
0,2026,9A,9,A,MASS,BU,0,0,0,0,AI,jmjacobs,Mullins Center,Amherst,MA,,
0,2026,9A,9,A,MIAO,WMU,0,0,0,0,AI,Jieret,Goggin Ice Center,Oxford,OH,,
0,2026,9A,9,A,MINOT,UNLV,0,0,0,0,AI,AI,Maysa Arena,Minot,ND,,
0,2026,9A,9,A,MNSU,MTU,0,0,0,0,AI,Mightydog135,Mayo Clinic Health System Event Center,Mankato,MN,,
0,2026,9A,9,A,MRMK,PROV,0,0,0,0,AI,AI,J. Thom Lawler Rink,North Andover,MA,,
0,2026,9A,9,A,MSU,MINN,0,0,0,0,AI,Minnow,Munn Ice Arena,East Lansing,MI,,
0,2026,9A,9,A,ND,OSU,0,0,0,0,AI,AI,Compton Family Ice Arena,South Bend,IN,,
0,2026,9A,9,A,NMU,AGUS,0,0,0,0,Newkbomb,AI,Berry Events Center,Marquette,MI,,
0,2026,9A,9,A,NU,BENT,0,0,0,0,AI,AI,Dwyer Arena,Lewiston,NY,,
0,2026,9A,9,A,OLAF,TNST,0,0,0,0,AI,AI,Skoglund Athletic Center,Northfield,MN,,
0,2026,9A,9,A,OREG,MICH,0,0,0,0,AI,Spoof,The Rink Exchange,Eugene,OR,,
0,2026,9A,9,A,PNST,WISC,0,0,0,0,AI,bundy,Pegula Ice Arena,State College,PA,,
0,2026,9A,9,A,RIT,SHU,0,0,0,0,AI,AI,Gene Polisseni Center,Rochester,NY,,
0,2026,9A,9,A,RPI,PRIN,0,0,0,0,AI,AI,Houston Field House,Troy,NY,,
0,2026,9A,9,A,SFU,WVU,0,0,0,0,AI,smackemz3,Bill Copeland Sports Centre,Vancouver,BC,,
0,2026,9A,9,A,STCL,MND,0,0,0,0,AI,TuscanSota,Herb Brooks National Hockey Center,St. Cloud,MN,,
0,2026,9A,9,A,STL,BRWN,0,0,0,0,AI,AI,Appleton Arena,Canton,NY,,
0,2026,9A,9,A,STMN,DU,0,0,0,0,AI,Ricky Campbell,Lee and Penny Anderson Arena,Saint Paul,MN,,
0,2026,9A,9,A,UAA,AIC,0,0,0,0,Kirby,Dr_Novella,Sullivan Arena,Anchorage,AK,,
0,2026,9A,9,A,UAH,LIND,0,0,0,0,AI,AI,Von Braun Center,Huntsville,AL,,
0,2026,9A,9,A,UND,UNO,0,0,0,0,taffyowner,AI,Ralph Engelstad Arena,Grand Forks,ND,,
0,2026,9A,9,A,UNH,UML,0,0,0,0,AI,AI,Whittemore Center,Durham,NH,,
0,2026,9A,9,A,UNION,COR,0,0,0,0,AI,Coach123,Achilles Rink,Schenectady,NY,,
0,2026,9A,9,A,USAF,MRCY,0,0,0,0,chaserck,AI,Cadet Ice Arena,Colorado Springs,CO,,
0,2026,9A,9,A,VT,NE,0,0,0,0,AI,AI,Gutterson Fieldhouse,Burlington,VT,,
0,2026,9A,9,A,YALE,HARV,0,0,0,0,AI,kinch,Ingalls Rink,New Haven,CT,,
0,2026,9A,9,A,BING,ILLI,0,0,0,0,AI,nemolee.exe,Visions Veterans Memorial Arena,Binghamton,NY,,
0,2026,9B,9,B,AIC,UAA,0,0,0,0,AI,kinch,Ingalls Rink,New Haven,CT,,
0,2026,9B,9,B,BC,OREG,0,0,0,0,AI,AI,Conte Forum,Chestnut Hill,MA,,
0,2026,9B,9,B,BENT,RMU,0,0,0,0,AI,TheLiberator,Bentley Arena,Waltham,MA,,
0,2026,9B,9,B,BRWN,YALE,0,0,0,0,AI,AI,Meehan Auditorium,Providence,RI,,
0,2026,9B,9,B,BSU,AGUS,0,0,0,0,SageBow,AI,Sanford Center,Bemidji,MN,,
0,2026,9B,9,B,CANI,HC,0,0,0,0,AI,AI,LECOM Harborcenter,Buffalo,NY,,
0,2026,9B,9,B,CC,MND,0,0,0,0,AI,TuscanSota,Ed Robson Arena,Colorado Springs,CO,,
0,2026,9B,9,B,COR,DART,0,0,0,0,Coach123,AI,Lynah Rink,Ithaca,NY,,
0,2026,9B,9,B,DU,STCL,0,0,0,0,Ricky Campbell,AI,Magness Rena,Denver,CO,,
0,2026,9B,9,B,FRST,MNSU,0,0,0,0,AI,AI,Ewigleben Arena,Big Rapids,MI,,
0,2026,9B,9,B,HARV,RPI,0,0,0,0,kinch,AI,Bright-Landry Hockey Center,Cambridge,MA,,
0,2026,9B,9,B,ILLI,PNST,0,0,0,0,nemolee.exe,AI,Gies Ice Arena,Champaign,IL,,
0,2026,9B,9,B,LIND,UAH,0,0,0,0,nemolee.exe,AI,Gies Ice Arena,Champaign,IL,,
0,2026,9B,9,B,ME,CONN,0,0,0,0,AI,AI,Harold Alfond Sports Arena,Orono,ME,,
0,2026,9B,9,B,MIAO,UND,0,0,0,0,AI,taffyowner,Goggin Ice Center,Oxford,OH,,
0,2026,9B,9,B,MICH,ND,0,0,0,0,Spoof,AI,Yost Ice Arena,Ann Arbor,MI,,
0,2026,9B,9,B,MINN,OSU,0,0,0,0,Minnow,AI,Mariucci Arena,Minneapolis,MN,,
0,2026,9B,9,B,MINOT,SFU,0,0,0,0,AI,AI,Maysa Arena,Minot,ND,,
0,2026,9B,9,B,MRCY,ARMY,0,0,0,0,AI,Zz3DWAFFLEzZ,Mercyhurst Ice Center,Erie,PA,,
0,2026,9B,9,B,MRMK,MASS,0,0,0,0,AI,AI,J. Thom Lawler Rink,North Andover,MA,,
0,2026,9B,9,B,MTU,BGSU,0,0,0,0,Mightydog135,PoopyRhinoPickle,MacInnes Student Ice Arena,Houghton,MI,,
0,2026,9B,9,B,NE,UNH,0,0,0,0,AI,AI,Matthews Arena,Boston,MA,,
0,2026,9B,9,B,NMU,LSS,0,0,0,0,Newkbomb,chadbird,Berry Events Center,Marquette,MI,,
0,2026,9B,9,B,PRIN,CLRK,0,0,0,0,AI,Matty460,Hobey Baker Memorial Rink,Princeton,NJ,,
0,2026,9B,9,B,PROV,UML,0,0,0,0,AI,AI,Schneider Arena,Providence,RI,,
0,2026,9B,9,B,QUIN,UNION,0,0,0,0,dotNectar,AI,M&T Bank Arena,Hamden,CT,,
0,2026,9B,9,B,RIT,USAF,0,0,0,0,AI,chaserck,Gene Polisseni Center,Rochester,NY,,
0,2026,9B,9,B,SHU,NU,0,0,0,0,AI,AI,Martire Family Arena,Fairfield,CT,,
0,2026,9B,9,B,STL,COLG,0,0,0,0,AI,kgreene829,Appleton Arena,Canton,NY,,
0,2026,9B,9,B,STON,BING,0,0,0,0,AI,kgreene829,Appleton Arena,Canton,NY,,
0,2026,9B,9,B,TNST,OLAF,0,0,0,0,AI,AI,Bridgewater Ice Arena,Easton,MA,,
0,2026,9B,9,B,UAF,LIU,0,0,0,0,#REF!,#REF!,#REF!,#REF!,#REF!,,
0,2026,9B,9,B,UNO,STMN,0,0,0,0,AI,AI,Baxter Arena,Omaha,NE,,
0,2026,9B,9,B,VT,BU,0,0,0,0,AI,jmjacobs,Gutterson Fieldhouse,Burlington,VT,,
0,2026,9B,9,B,WISC,MSU,0,0,0,0,bundy,AI,Kohl Center,Madison,WI,,
0,2026,9B,9,B,WMU,ASU,0,0,0,0,Jieret,Rabbit,Lawson Arena,Kalamazoo,MI,,
0,2026,9B,9,B,WVU,UNLV,0,0,0,0,smackemz3,AI,Wesbanco Arena,Morgantown,WV,,
0,2026,10A,10,A,AGUS,BGSU,0,0,0,0,AI,PoopyRhinoPickle,Midco Arena,Sioux Falls,SD,,
0,2026,10A,10,A,AIC,LIU,0,0,0,0,Dr_Novella,subsequent,MassMutual Center,Springfield,MA,,
0,2026,10A,10,A,ARMY,RIT,0,0,0,0,Zz3DWAFFLEzZ,AI,Tate Rink,West Point,NY,,
0,2026,10A,10,A,ASU,UND,0,0,0,0,Rabbit,taffyowner,Mullett Arena,Tempe,AZ,,
0,2026,10A,10,A,BU,ME,0,0,0,0,jmjacobs,AI,Agganis Arena,Boston,MA,,
0,2026,10A,10,A,CANI,MRCY,0,0,0,0,AI,AI,LECOM Harborcenter,Buffalo,NY,,
0,2026,10A,10,A,CLRK,COR,0,0,0,0,Matty460,Coach123,Cheel Arena,Potsdam,NY,,
0,2026,10A,10,A,CONN,BC,0,0,0,0,AI,AI,Toscano Family Ice Forum,Storrs,CT,,
0,2026,10A,10,A,DART,QUIN,0,0,0,0,AI,dotNectar,Thompson Arena,Hanover,NH,,
0,2026,10A,10,A,DU,UNO,0,0,0,0,Ricky Campbell,AI,Magness Rena,Denver,CO,,
0,2026,10A,10,A,FRST,MTU,0,0,0,0,AI,Mightydog135,Ewigleben Arena,Big Rapids,MI,,
0,2026,10A,10,A,HC,BENT,0,0,0,0,AI,AI,Hart Center,Worcester,MA,,
0,2026,10A,10,A,LIND,BING,0,0,0,0,AI,AI,Centene Community Ice Center,St. Charles,MO,,
0,2026,10A,10,A,LSS,BSU,0,0,0,0,chadbird,SageBow,Taffy Abel Arena,Sault Ste. Marie,MI,,
0,2026,10A,10,A,MASS,VT,0,0,0,0,AI,AI,Mullins Center,Amherst,MA,,
0,2026,10A,10,A,MINN,MICH,0,0,0,0,Minnow,Spoof,Mariucci Arena,Minneapolis,MN,,
0,2026,10A,10,A,MND,WMU,0,0,0,0,TuscanSota,Jieret,AMSOIL Arena,Duluth,MN,,
0,2026,10A,10,A,MNSU,NMU,0,0,0,0,AI,Newkbomb,Mayo Clinic Health System Event Center,Mankato,MN,,
0,2026,10A,10,A,MSU,PNST,0,0,0,0,AI,AI,Munn Ice Arena,East Lansing,MI,,
0,2026,10A,10,A,ND,UML,0,0,0,0,AI,AI,Compton Family Ice Arena,South Bend,IN,,
0,2026,10A,10,A,NU,USAF,0,0,0,0,AI,chaserck,Dwyer Arena,Lewiston,NY,,
0,2026,10A,10,A,OREG,ILLI,0,0,0,0,AI,nemolee.exe,The Rink Exchange,Eugene,OR,,
0,2026,10A,10,A,OSU,WISC,0,0,0,0,AI,bundy,Value City Arena,Columbus,OH,,
0,2026,10A,10,A,PRIN,HARV,0,0,0,0,AI,kinch,Hobey Baker Memorial Rink,Princeton,NJ,,
0,2026,10A,10,A,PROV,NE,0,0,0,0,AI,AI,Schneider Arena,Providence,RI,,
0,2026,10A,10,A,RMU,SHU,0,0,0,0,TheLiberator,AI,Clearview Arena,Moon Township,PA,,
0,2026,10A,10,A,RPI,BRWN,0,0,0,0,AI,AI,Houston Field House,Troy,NY,,
0,2026,10A,10,A,SFU,TNST,0,0,0,0,AI,AI,Bill Copeland Sports Centre,Vancouver,BC,,
0,2026,10A,10,A,STCL,CC,0,0,0,0,AI,AI,Herb Brooks National Hockey Center,St. Cloud,MN,,
0,2026,10A,10,A,STMN,MIAO,0,0,0,0,AI,AI,Lee and Penny Anderson Arena,Saint Paul,MN,,
0,2026,10A,10,A,STON,OLAF,0,0,0,0,AI,AI,Bridgewater Ice Arena,Easton,MA,,
0,2026,10A,10,A,UAA,UAF,0,0,0,0,Kirby,acewulf,Sullivan Arena,Anchorage,AK,,
0,2026,10A,10,A,UAH,UNLV,0,0,0,0,AI,AI,Von Braun Center,Huntsville,AL,,
0,2026,10A,10,A,UNH,MRMK,0,0,0,0,AI,AI,Whittemore Center,Durham,NH,,
0,2026,10A,10,A,UNION,STL,0,0,0,0,AI,AI,Achilles Rink,Schenectady,NY,,
0,2026,10A,10,A,WVU,MINOT,0,0,0,0,smackemz3,AI,Wesbanco Arena,Morgantown,WV,,
0,2026,10A,10,A,YALE,COLG,0,0,0,0,AI,kgreene829,Ingalls Rink,New Haven,CT,,
0,2026,10B,10,B,ASU,STMN,0,0,0,0,Rabbit,AI,Mullett Arena,Tempe,AZ,,
0,2026,10B,10,B,BC,UNH,0,0,0,0,AI,AI,Conte Forum,Chestnut Hill,MA,,
0,2026,10B,10,B,BGSU,LSS,0,0,0,0,PoopyRhinoPickle,chadbird,Slater Family Ice Arena,Bowling Green,OH,,
0,2026,10B,10,B,BING,LIND,0,0,0,0,AI,AI,Visions Veterans Memorial Arena,Binghamton,NY,,
0,2026,10B,10,B,BRWN,PRIN,0,0,0,0,AI,AI,Meehan Auditorium,Providence,RI,,
0,2026,10B,10,B,BSU,MNSU,0,0,0,0,SageBow,AI,Sanford Center,Bemidji,MN,,
0,2026,10B,10,B,COLG,RPI,0,0,0,0,kgreene829,AI,Class of 1965 Arena,Colgate,NY,,
0,2026,10B,10,B,HARV,CLRK,0,0,0,0,kinch,Matty460,Bright-Landry Hockey Center,Cambridge,MA,,
0,2026,10B,10,B,ILLI,MSU,0,0,0,0,nemolee.exe,AI,Gies Ice Arena,Champaign,IL,,
0,2026,10B,10,B,LIU,MINN,0,0,0,0,subsequent,Minnow,Islanders Iceworks,Brooklyn,NY,,
0,2026,10B,10,B,MASS,ME,0,0,0,0,AI,AI,Mullins Center,Amherst,MA,,
0,2026,10B,10,B,MIAO,DU,0,0,0,0,AI,Ricky Campbell,Goggin Ice Center,Oxford,OH,,
0,2026,10B,10,B,MINOT,WVU,0,0,0,0,AI,smackemz3,Maysa Arena,Minot,ND,,
0,2026,10B,10,B,MRCY,HC,0,0,0,0,AI,AI,Mercyhurst Ice Center,Erie,PA,,
0,2026,10B,10,B,MTU,AGUS,0,0,0,0,Mightydog135,AI,MacInnes Student Ice Arena,Houghton,MI,,
0,2026,10B,10,B,NE,BU,0,0,0,0,AI,jmjacobs,Matthews Arena,Boston,MA,,
0,2026,10B,10,B,NMU,FRST,0,0,0,0,Newkbomb,AI,Berry Events Center,Marquette,MI,,
0,2026,10B,10,B,NU,ARMY,0,0,0,0,AI,Zz3DWAFFLEzZ,Dwyer Arena,Lewiston,NY,,
0,2026,10B,10,B,OLAF,STON,0,0,0,0,AI,AI,Skoglund Athletic Center,Northfield,MN,,
0,2026,10B,10,B,OREG,ND,0,0,0,0,AI,AI,The Rink Exchange,Eugene,OR,,
0,2026,10B,10,B,PNST,OSU,0,0,0,0,AI,AI,Pegula Ice Arena,State College,PA,,
0,2026,10B,10,B,PROV,AIC,0,0,0,0,AI,Dr_Novella,Schneider Arena,Providence,RI,,
0,2026,10B,10,B,QUIN,COR,0,0,0,0,dotNectar,Coach123,M&T Bank Arena,Hamden,CT,,
0,2026,10B,10,B,RIT,CANI,0,0,0,0,AI,AI,Gene Polisseni Center,Rochester,NY,,
0,2026,10B,10,B,SHU,BENT,0,0,0,0,AI,AI,Martire Family Arena,Fairfield,CT,,
0,2026,10B,10,B,STL,DART,0,0,0,0,AI,AI,Appleton Arena,Canton,NY,,
0,2026,10B,10,B,TNST,SFU,0,0,0,0,AI,AI,Gentry Center,Nashville,TN,,
0,2026,10B,10,B,UAF,UAA,0,0,0,0,acewulf,Kirby,Carlson Center,Fairbanks,AK,,
0,2026,10B,10,B,UML,MRMK,0,0,0,0,AI,AI,Tsongas Center,Lowell,MA,,
0,2026,10B,10,B,UND,MND,0,0,0,0,taffyowner,TuscanSota,Ralph Engelstad Arena,Grand Forks,ND,,
0,2026,10B,10,B,UNLV,UAH,0,0,0,0,AI,AI,City National Arena,Las Vegas,NV,,
0,2026,10B,10,B,UNO,STCL,0,0,0,0,AI,AI,Baxter Arena,Omaha,NE,,
0,2026,10B,10,B,USAF,RMU,0,0,0,0,chaserck,TheLiberator,Cadet Ice Arena,Colorado Springs,CO,,
0,2026,10B,10,B,VT,CONN,0,0,0,0,AI,AI,Gutterson Fieldhouse,Burlington,VT,,
0,2026,10B,10,B,WISC,MICH,0,0,0,0,bundy,Spoof,Kohl Center,Madison,WI,,
0,2026,10B,10,B,WMU,CC,0,0,0,0,Jieret,AI,Lawson Arena,Kalamazoo,MI,,
0,2026,10B,10,B,YALE,UNION,0,0,0,0,AI,AI,Ingalls Rink,New Haven,CT,,
0,2026,11A,11,A,AIC,STON,0,0,0,0,Dr_Novella,AI,MassMutual Center,Springfield,MA,,
0,2026,11A,11,A,BC,UAF,0,0,0,0,AI,acewulf,Conte Forum,Chestnut Hill,MA,,
0,2026,11A,11,A,BENT,USAF,0,0,0,0,AI,chaserck,Bentley Arena,Waltham,MA,,
0,2026,11A,11,A,BING,TNST,0,0,0,0,AI,AI,Visions Veterans Memorial Arena,Binghamton,NY,,
0,2026,11A,11,A,CANI,NU,0,0,0,0,AI,AI,LECOM Harborcenter,Buffalo,NY,,
0,2026,11A,11,A,CC,UND,0,0,0,0,AI,taffyowner,Ed Robson Arena,Colorado Springs,CO,,
0,2026,11A,11,A,CLRK,QUIN,0,0,0,0,Matty460,dotNectar,Cheel Arena,Potsdam,NY,,
0,2026,11A,11,A,CONN,NE,0,0,0,0,AI,AI,Toscano Family Ice Forum,Storrs,CT,,
0,2026,11A,11,A,COR,STL,0,0,0,0,Coach123,AI,Lynah Rink,Ithaca,NY,,
0,2026,11A,11,A,DART,YALE,0,0,0,0,AI,AI,Thompson Arena,Hanover,NH,,
0,2026,11A,11,A,DU,ASU,0,0,0,0,Ricky Campbell,Rabbit,Magness Rena,Denver,CO,,
0,2026,11A,11,A,FRST,BSU,0,0,0,0,AI,SageBow,Ewigleben Arena,Big Rapids,MI,,
0,2026,11A,11,A,HARV,BRWN,0,0,0,0,kinch,AI,Bright-Landry Hockey Center,Cambridge,MA,,
0,2026,11A,11,A,HC,SHU,0,0,0,0,AI,AI,Hart Center,Worcester,MA,,
0,2026,11A,11,A,LIND,OLAF,0,0,0,0,AI,AI,Centene Community Ice Center,St. Charles,MO,,
0,2026,11A,11,A,LIU,BU,0,0,0,0,subsequent,jmjacobs,Islanders Iceworks,Brooklyn,NY,,
0,2026,11A,11,A,LSS,AGUS,0,0,0,0,chadbird,AI,Taffy Abel Arena,Sault Ste. Marie,MI,,
0,2026,11A,11,A,MASS,UML,0,0,0,0,AI,AI,Mullins Center,Amherst,MA,,
0,2026,11A,11,A,ME,PROV,0,0,0,0,AI,AI,Harold Alfond Sports Arena,Orono,ME,,
0,2026,11A,11,A,MICH,PNST,0,0,0,0,Spoof,AI,Yost Ice Arena,Ann Arbor,MI,,
0,2026,11A,11,A,MINN,OREG,0,0,0,0,Minnow,AI,Mariucci Arena,Minneapolis,MN,,
0,2026,11A,11,A,MND,STMN,0,0,0,0,TuscanSota,AI,AMSOIL Arena,Duluth,MN,,
0,2026,11A,11,A,MNSU,BGSU,0,0,0,0,AI,PoopyRhinoPickle,Mayo Clinic Health System Event Center,Mankato,MN,,
0,2026,11A,11,A,MRCY,RIT,0,0,0,0,AI,AI,Mercyhurst Ice Center,Erie,PA,,
0,2026,11A,11,A,MRMK,VT,0,0,0,0,AI,AI,J. Thom Lawler Rink,North Andover,MA,,
0,2026,11A,11,A,ND,ILLI,0,0,0,0,AI,nemolee.exe,Compton Family Ice Arena,South Bend,IN,,
0,2026,11A,11,A,NMU,MTU,0,0,0,0,Newkbomb,Mightydog135,Berry Events Center,Marquette,MI,,
0,2026,11A,11,A,OSU,MSU,0,0,0,0,AI,AI,Value City Arena,Columbus,OH,,
0,2026,11A,11,A,PRIN,COLG,0,0,0,0,AI,kgreene829,Hobey Baker Memorial Rink,Princeton,NJ,,
0,2026,11A,11,A,RMU,ARMY,0,0,0,0,TheLiberator,Zz3DWAFFLEzZ,Clearview Arena,Moon Township,PA,,
0,2026,11A,11,A,RPI,UNION,0,0,0,0,AI,AI,Houston Field House,Troy,NY,,
0,2026,11A,11,A,SFU,MINOT,0,0,0,0,AI,AI,Bill Copeland Sports Centre,Vancouver,BC,,
0,2026,11A,11,A,STCL,WMU,0,0,0,0,AI,Jieret,Herb Brooks National Hockey Center,St. Cloud,MN,,
0,2026,11A,11,A,UAA,UNLV,0,0,0,0,Kirby,AI,Sullivan Arena,Anchorage,AK,,
0,2026,11A,11,A,UNH,UAH,0,0,0,0,AI,AI,Whittemore Center,Durham,NH,,
0,2026,11A,11,A,UNO,MIAO,0,0,0,0,AI,AI,Baxter Arena,Omaha,NE,,
0,2026,11A,11,A,WISC,WVU,0,0,0,0,bundy,smackemz3,Kohl Center,Madison,WI,,
0,2026,11B,11,B,AGUS,MNSU,0,0,0,0,AI,AI,Midco Arena,Sioux Falls,SD,,
0,2026,11B,11,B,ARMY,BENT,0,0,0,0,Zz3DWAFFLEzZ,AI,Tate Rink,West Point,NY,,
0,2026,11B,11,B,ASU,UNO,0,0,0,0,Rabbit,AI,Mullett Arena,Tempe,AZ,,
0,2026,11B,11,B,BGSU,FRST,0,0,0,0,PoopyRhinoPickle,AI,Slater Family Ice Arena,Bowling Green,OH,,
0,2026,11B,11,B,BRWN,CLRK,0,0,0,0,AI,Matty460,Meehan Auditorium,Providence,RI,,
0,2026,11B,11,B,BSU,NMU,0,0,0,0,SageBow,Newkbomb,Sanford Center,Bemidji,MN,,
0,2026,11B,11,B,BU,VT,0,0,0,0,jmjacobs,AI,Agganis Arena,Boston,MA,,
0,2026,11B,11,B,COLG,HARV,0,0,0,0,kgreene829,kinch,Class of 1965 Arena,Colgate,NY,,
0,2026,11B,11,B,CONN,MRMK,0,0,0,0,AI,AI,Toscano Family Ice Forum,Storrs,CT,,
0,2026,11B,11,B,ILLI,OSU,0,0,0,0,nemolee.exe,AI,Gies Ice Arena,Champaign,IL,,
0,2026,11B,11,B,LIU,WVU,0,0,0,0,subsequent,smackemz3,Islanders Iceworks,Brooklyn,NY,,
0,2026,11B,11,B,LSS,PNST,0,0,0,0,chadbird,AI,Taffy Abel Arena,Sault Ste. Marie,MI,,
0,2026,11B,11,B,ME,MTU,0,0,0,0,AI,Mightydog135,Harold Alfond Sports Arena,Orono,ME,,
0,2026,11B,11,B,MIAO,STCL,0,0,0,0,AI,AI,Goggin Ice Center,Oxford,OH,,
0,2026,11B,11,B,MINOT,SFU,0,0,0,0,AI,AI,Maysa Arena,Minot,ND,,
0,2026,11B,11,B,MND,DU,0,0,0,0,TuscanSota,Ricky Campbell,AMSOIL Arena,Duluth,MN,,
0,2026,11B,11,B,MSU,MICH,0,0,0,0,AI,Spoof,Munn Ice Arena,East Lansing,MI,,
0,2026,11B,11,B,ND,MINN,0,0,0,0,AI,Minnow,Compton Family Ice Arena,South Bend,IN,,
0,2026,11B,11,B,NU,MRCY,0,0,0,0,AI,AI,Dwyer Arena,Lewiston,NY,,
0,2026,11B,11,B,OLAF,LIND,0,0,0,0,AI,AI,Skoglund Athletic Center,Northfield,MN,,
0,2026,11B,11,B,OREG,WISC,0,0,0,0,AI,bundy,The Rink Exchange,Eugene,OR,,
0,2026,11B,11,B,PROV,MASS,0,0,0,0,AI,AI,Schneider Arena,Providence,RI,,
0,2026,11B,11,B,RIT,HC,0,0,0,0,AI,AI,Gene Polisseni Center,Rochester,NY,,
0,2026,11B,11,B,RMU,CANI,0,0,0,0,TheLiberator,AI,Clearview Arena,Moon Township,PA,,
0,2026,11B,11,B,RPI,DART,0,0,0,0,AI,AI,Houston Field House,Troy,NY,,
0,2026,11B,11,B,STL,QUIN,0,0,0,0,AI,dotNectar,Appleton Arena,Canton,NY,,
0,2026,11B,11,B,STMN,CC,0,0,0,0,AI,AI,Lee and Penny Anderson Arena,Saint Paul,MN,,
0,2026,11B,11,B,STON,AIC,0,0,0,0,AI,Dr_Novella,Bridgewater Ice Arena,Easton,MA,,
0,2026,11B,11,B,TNST,BING,0,0,0,0,AI,AI,Gentry Center,Nashville,TN,,
0,2026,11B,11,B,UAH,UAF,0,0,0,0,AI,acewulf,Von Braun Center,Huntsville,AL,,
0,2026,11B,11,B,UML,BC,0,0,0,0,AI,AI,Tsongas Center,Lowell,MA,,
0,2026,11B,11,B,UND,WMU,0,0,0,0,taffyowner,Jieret,Ralph Engelstad Arena,Grand Forks,ND,,
0,2026,11B,11,B,UNH,NE,0,0,0,0,AI,AI,Whittemore Center,Durham,NH,,
0,2026,11B,11,B,UNION,PRIN,0,0,0,0,AI,AI,Achilles Rink,Schenectady,NY,,
0,2026,11B,11,B,UNLV,UAA,0,0,0,0,AI,Kirby,City National Arena,Las Vegas,NV,,
0,2026,11B,11,B,USAF,SHU,0,0,0,0,chaserck,AI,Cadet Ice Arena,Colorado Springs,CO,,
0,2026,11B,11,B,YALE,COR,0,0,0,0,AI,Coach123,Ingalls Rink,New Haven,CT,,
0,2026,12A,12,A,AIC,UAH,0,0,0,0,Dr_Novella,AI,MassMutual Center,Springfield,MA,,
0,2026,12A,12,A,BC,CONN,0,0,0,0,AI,AI,Conte Forum,Chestnut Hill,MA,,
0,2026,12A,12,A,BENT,CANI,0,0,0,0,AI,AI,Bentley Arena,Waltham,MA,,
0,2026,12A,12,A,BRWN,COLG,0,0,0,0,AI,kgreene829,Meehan Auditorium,Providence,RI,,
0,2026,12A,12,A,BSU,MTU,0,0,0,0,SageBow,Mightydog135,Sanford Center,Bemidji,MN,,
0,2026,12A,12,A,CC,DU,0,0,0,0,AI,Ricky Campbell,Ed Robson Arena,Colorado Springs,CO,,
0,2026,12A,12,A,CLRK,STL,0,0,0,0,Matty460,AI,Cheel Arena,Potsdam,NY,,
0,2026,12A,12,A,COR,RPI,0,0,0,0,Coach123,AI,Lynah Rink,Ithaca,NY,,
0,2026,12A,12,A,FRST,AGUS,0,0,0,0,AI,AI,Ewigleben Arena,Big Rapids,MI,,
0,2026,12A,12,A,HARV,UNION,0,0,0,0,kinch,AI,Bright-Landry Hockey Center,Cambridge,MA,,
0,2026,12A,12,A,HC,USAF,0,0,0,0,AI,chaserck,Hart Center,Worcester,MA,,
0,2026,12A,12,A,MIAO,ASU,0,0,0,0,AI,Rabbit,Goggin Ice Center,Oxford,OH,,
0,2026,12A,12,A,MICH,OSU,0,0,0,0,Spoof,AI,Yost Ice Arena,Ann Arbor,MI,,
0,2026,12A,12,A,MINN,ILLI,0,0,0,0,Minnow,nemolee.exe,Mariucci Arena,Minneapolis,MN,,
0,2026,12A,12,A,MNSU,LSS,0,0,0,0,AI,chadbird,Mayo Clinic Health System Event Center,Mankato,MN,,
0,2026,12A,12,A,MRCY,RMU,0,0,0,0,AI,TheLiberator,Mercyhurst Ice Center,Erie,PA,,
0,2026,12A,12,A,MRMK,BU,0,0,0,0,AI,jmjacobs,J. Thom Lawler Rink,North Andover,MA,,
0,2026,12A,12,A,MSU,MINOT,0,0,0,0,AI,AI,Munn Ice Arena,East Lansing,MI,,
0,2026,12A,12,A,NE,BING,0,0,0,0,AI,AI,Matthews Arena,Boston,MA,,
0,2026,12A,12,A,NMU,BGSU,0,0,0,0,Newkbomb,PoopyRhinoPickle,Berry Events Center,Marquette,MI,,
0,2026,12A,12,A,OLAF,UNLV,0,0,0,0,AI,AI,Skoglund Athletic Center,Northfield,MN,,
0,2026,12A,12,A,PNST,OREG,0,0,0,0,AI,AI,Pegula Ice Arena,State College,PA,,
0,2026,12A,12,A,PRIN,DART,0,0,0,0,AI,AI,Hobey Baker Memorial Rink,Princeton,NJ,,
0,2026,12A,12,A,QUIN,STON,0,0,0,0,dotNectar,AI,M&T Bank Arena,Hamden,CT,,
0,2026,12A,12,A,RIT,NU,0,0,0,0,AI,AI,Gene Polisseni Center,Rochester,NY,,
0,2026,12A,12,A,SFU,TNST,0,0,0,0,AI,AI,Bill Copeland Sports Centre,Vancouver,BC,,
0,2026,12A,12,A,SHU,ARMY,0,0,0,0,AI,Zz3DWAFFLEzZ,Martire Family Arena,Fairfield,CT,,
0,2026,12A,12,A,STCL,UND,0,0,0,0,AI,taffyowner,Herb Brooks National Hockey Center,St. Cloud,MN,,
0,2026,12A,12,A,UAA,LIND,0,0,0,0,Kirby,AI,Sullivan Arena,Anchorage,AK,,
0,2026,12A,12,A,UML,PROV,0,0,0,0,AI,AI,Tsongas Center,Lowell,MA,,
0,2026,12A,12,A,UNO,MND,0,0,0,0,AI,TuscanSota,Baxter Arena,Omaha,NE,,
0,2026,12A,12,A,VT,MASS,0,0,0,0,AI,AI,Gutterson Fieldhouse,Burlington,VT,,
0,2026,12A,12,A,WISC,ND,0,0,0,0,bundy,AI,Kohl Center,Madison,WI,,
0,2026,12A,12,A,WMU,STMN,0,0,0,0,Jieret,AI,Lawson Arena,Kalamazoo,MI,,
0,2026,12A,12,A,WVU,UAF,0,0,0,0,smackemz3,acewulf,Wesbanco Arena,Morgantown,WV,,
0,2026,12A,12,A,YALE,LIU,0,0,0,0,AI,subsequent,Ingalls Rink,New Haven,CT,,
0,2026,12B,12,B,AGUS,NMU,0,0,0,0,AI,Newkbomb,Midco Arena,Sioux Falls,SD,,
0,2026,12B,12,B,ARMY,USAF,0,0,0,0,Zz3DWAFFLEzZ,chaserck,Tate Rink,West Point,NY,,
0,2026,12B,12,B,ASU,STCL,0,0,0,0,Rabbit,AI,Mullett Arena,Tempe,AZ,,
0,2026,12B,12,B,BC,PROV,0,0,0,0,AI,AI,Conte Forum,Chestnut Hill,MA,,
0,2026,12B,12,B,BENT,MRCY,0,0,0,0,AI,AI,Bentley Arena,Waltham,MA,,
0,2026,12B,12,B,BGSU,BSU,0,0,0,0,PoopyRhinoPickle,SageBow,Slater Family Ice Arena,Bowling Green,OH,,
0,2026,12B,12,B,BING,SFU,0,0,0,0,AI,AI,Visions Veterans Memorial Arena,Binghamton,NY,,
0,2026,12B,12,B,BU,MASS,0,0,0,0,jmjacobs,AI,Agganis Arena,Boston,MA,,
0,2026,12B,12,B,CANI,SHU,0,0,0,0,AI,AI,LECOM Harborcenter,Buffalo,NY,,
0,2026,12B,12,B,CC,UNO,0,0,0,0,AI,AI,Ed Robson Arena,Colorado Springs,CO,,
0,2026,12B,12,B,COLG,CLRK,0,0,0,0,kgreene829,Matty460,Class of 1965 Arena,Colgate,NY,,
0,2026,12B,12,B,CONN,UNH,0,0,0,0,AI,AI,Toscano Family Ice Forum,Storrs,CT,,
0,2026,12B,12,B,DART,HARV,0,0,0,0,AI,kinch,Thompson Arena,Hanover,NH,,
0,2026,12B,12,B,DU,WMU,0,0,0,0,Ricky Campbell,Jieret,Magness Rena,Denver,CO,,
0,2026,12B,12,B,ILLI,MICH,0,0,0,0,nemolee.exe,Spoof,Gies Ice Arena,Champaign,IL,,
0,2026,12B,12,B,LIND,UAA,0,0,0,0,AI,Kirby,Centene Community Ice Center,St. Charles,MO,,
0,2026,12B,12,B,LSS,FRST,0,0,0,0,chadbird,AI,Taffy Abel Arena,Sault Ste. Marie,MI,,
0,2026,12B,12,B,ME,UNH,0,0,0,0,AI,AI,Harold Alfond Sports Arena,Orono,ME,,
0,2026,12B,12,B,MINN,WISC,0,0,0,0,Minnow,bundy,Mariucci Arena,Minneapolis,MN,,
0,2026,12B,12,B,MINOT,UML,0,0,0,0,AI,AI,Maysa Arena,Minot,ND,,
0,2026,12B,12,B,MND,MIAO,0,0,0,0,TuscanSota,AI,AMSOIL Arena,Duluth,MN,,
0,2026,12B,12,B,MSU,OREG,0,0,0,0,AI,AI,Munn Ice Arena,East Lansing,MI,,
0,2026,12B,12,B,MTU,MNSU,0,0,0,0,Mightydog135,AI,MacInnes Student Ice Arena,Houghton,MI,,
0,2026,12B,12,B,ND,PNST,0,0,0,0,AI,AI,Compton Family Ice Arena,South Bend,IN,,
0,2026,12B,12,B,NE,VT,0,0,0,0,AI,AI,Matthews Arena,Boston,MA,,
0,2026,12B,12,B,NU,HC,0,0,0,0,AI,AI,Dwyer Arena,Lewiston,NY,,
0,2026,12B,12,B,PRIN,COR,0,0,0,0,AI,Coach123,Hobey Baker Memorial Rink,Princeton,NJ,,
0,2026,12B,12,B,RMU,RIT,0,0,0,0,TheLiberator,AI,Clearview Arena,Moon Township,PA,,
0,2026,12B,12,B,RPI,QUIN,0,0,0,0,AI,dotNectar,Houston Field House,Troy,NY,,
0,2026,12B,12,B,STMN,UND,0,0,0,0,AI,taffyowner,Lee and Penny Anderson Arena,Saint Paul,MN,,
0,2026,12B,12,B,STON,LIU,0,0,0,0,AI,subsequent,Bridgewater Ice Arena,Easton,MA,,
0,2026,12B,12,B,TNST,OLAF,0,0,0,0,AI,AI,Gentry Center,Nashville,TN,,
0,2026,12B,12,B,UAF,WVU,0,0,0,0,acewulf,smackemz3,Carlson Center,Fairbanks,AK,,
0,2026,12B,12,B,UAH,AIC,0,0,0,0,AI,Dr_Novella,Von Braun Center,Huntsville,AL,,
0,2026,12B,12,B,UNION,BRWN,0,0,0,0,AI,AI,Achilles Rink,Schenectady,NY,,
0,2026,12B,12,B,UNLV,OSU,0,0,0,0,AI,AI,City National Arena,Las Vegas,NV,,
0,2026,12B,12,B,YALE,STL,0,0,0,0,AI,AI,Ingalls Rink,New Haven,CT,,
0,2026,13A,13,A,AGUS,BSU,0,0,0,0,AI,SageBow,Midco Arena,Sioux Falls,SD,,
0,2026,13A,13,A,ASU,MND,0,0,0,0,Rabbit,TuscanSota,Mullett Arena,Tempe,AZ,,
0,2026,13A,13,A,BGSU,MTU,0,0,0,0,PoopyRhinoPickle,Mightydog135,Slater Family Ice Arena,Bowling Green,OH,,
0,2026,13A,13,A,BRWN,DART,0,0,0,0,AI,AI,Meehan Auditorium,Providence,RI,,
0,2026,13A,13,A,CLRK,YALE,0,0,0,0,Matty460,AI,Cheel Arena,Potsdam,NY,,
0,2026,13A,13,A,COLG,UNION,0,0,0,0,kgreene829,AI,Class of 1965 Arena,Colgate,NY,,
0,2026,13A,13,A,HARV,COR,0,0,0,0,kinch,Coach123,Bright-Landry Hockey Center,Cambridge,MA,,
0,2026,13A,13,A,HC,ARMY,0,0,0,0,AI,Zz3DWAFFLEzZ,Hart Center,Worcester,MA,,
0,2026,13A,13,A,LIND,WVU,0,0,0,0,AI,smackemz3,Centene Community Ice Center,St. Charles,MO,,
0,2026,13A,13,A,LIU,MINOT,0,0,0,0,subsequent,AI,Islanders Iceworks,Brooklyn,NY,,
0,2026,13A,13,A,LSS,NMU,0,0,0,0,chadbird,Newkbomb,Taffy Abel Arena,Sault Ste. Marie,MI,,
0,2026,13A,13,A,MASS,AIC,0,0,0,0,AI,Dr_Novella,Mullins Center,Amherst,MA,,
0,2026,13A,13,A,MIAO,CC,0,0,0,0,AI,AI,Goggin Ice Center,Oxford,OH,,
0,2026,13A,13,A,MNSU,FRST,0,0,0,0,AI,AI,Mayo Clinic Health System Event Center,Mankato,MN,,
0,2026,13A,13,A,MRMK,ME,0,0,0,0,AI,AI,J. Thom Lawler Rink,North Andover,MA,,
0,2026,13A,13,A,MSU,ND,0,0,0,0,AI,AI,Munn Ice Arena,East Lansing,MI,,
0,2026,13A,13,A,NE,MRMK,0,0,0,0,AI,AI,Matthews Arena,Boston,MA,,
0,2026,13A,13,A,NU,RMU,0,0,0,0,AI,TheLiberator,Dwyer Arena,Lewiston,NY,,
0,2026,13A,13,A,OREG,OSU,0,0,0,0,AI,AI,The Rink Exchange,Eugene,OR,,
0,2026,13A,13,A,PNST,MINN,0,0,0,0,AI,Minnow,Pegula Ice Arena,State College,PA,,
0,2026,13A,13,A,PROV,CONN,0,0,0,0,AI,AI,Schneider Arena,Providence,RI,,
0,2026,13A,13,A,QUIN,PRIN,0,0,0,0,dotNectar,AI,M&T Bank Arena,Hamden,CT,,
0,2026,13A,13,A,RIT,BENT,0,0,0,0,AI,AI,Gene Polisseni Center,Rochester,NY,,
0,2026,13A,13,A,SFU,UAH,0,0,0,0,AI,AI,Bill Copeland Sports Centre,Vancouver,BC,,
0,2026,13A,13,A,SHU,MRCY,0,0,0,0,AI,AI,Martire Family Arena,Fairfield,CT,,
0,2026,13A,13,A,STCL,STMN,0,0,0,0,AI,AI,Herb Brooks National Hockey Center,St. Cloud,MN,,
0,2026,13A,13,A,STL,RPI,0,0,0,0,AI,AI,Appleton Arena,Canton,NY,,
0,2026,13A,13,A,STON,TNST,0,0,0,0,AI,AI,Bridgewater Ice Arena,Easton,MA,,
0,2026,13A,13,A,UAA,BU,0,0,0,0,Kirby,jmjacobs,Sullivan Arena,Anchorage,AK,,
0,2026,13A,13,A,UAF,BING,0,0,0,0,acewulf,AI,Carlson Center,Fairbanks,AK,,
0,2026,13A,13,A,UML,ME,0,0,0,0,AI,AI,Tsongas Center,Lowell,MA,,
0,2026,13A,13,A,UND,DU,0,0,0,0,taffyowner,Ricky Campbell,Ralph Engelstad Arena,Grand Forks,ND,,
0,2026,13A,13,A,UNH,BC,0,0,0,0,AI,AI,Whittemore Center,Durham,NH,,
0,2026,13A,13,A,UNLV,MICH,0,0,0,0,AI,Spoof,City National Arena,Las Vegas,NV,,
0,2026,13A,13,A,USAF,CANI,0,0,0,0,chaserck,AI,Cadet Ice Arena,Colorado Springs,CO,,
0,2026,13A,13,A,VT,OLAF,0,0,0,0,AI,AI,Gutterson Fieldhouse,Burlington,VT,,
0,2026,13A,13,A,WISC,ILLI,0,0,0,0,bundy,nemolee.exe,Kohl Center,Madison,WI,,
0,2026,13A,13,A,WMU,UNO,0,0,0,0,Jieret,AI,Lawson Arena,Kalamazoo,MI,,
0,2026,13A,13,A,WVU,LIND,0,0,0,0,smackemz3,AI,Wesbanco Arena,Morgantown,WV,,
0,2026,13B,13,B,BENT,NU,0,0,0,0,AI,AI,Bentley Arena,Waltham,MA,,
0,2026,13B,13,B,BING,UAF,0,0,0,0,AI,acewulf,Visions Veterans Memorial Arena,Binghamton,NY,,
0,2026,13B,13,B,BSU,AGUS,0,0,0,0,SageBow,AI,Sanford Center,Bemidji,MN,,
0,2026,13B,13,B,CANI,ARMY,0,0,0,0,AI,Zz3DWAFFLEzZ,LECOM Harborcenter,Buffalo,NY,,
0,2026,13B,13,B,CC,ASU,0,0,0,0,AI,Rabbit,Ed Robson Arena,Colorado Springs,CO,,
0,2026,13B,13,B,COR,BRWN,0,0,0,0,Coach123,AI,Lynah Rink,Ithaca,NY,,
0,2026,13B,13,B,DART,COLG,0,0,0,0,AI,kgreene829,Thompson Arena,Hanover,NH,,
0,2026,13B,13,B,DU,STMN,0,0,0,0,Ricky Campbell,AI,Magness Rena,Denver,CO,,
0,2026,13B,13,B,FRST,MNSU,0,0,0,0,AI,AI,Ewigleben Arena,Big Rapids,MI,,
0,2026,13B,13,B,HARV,QUIN,0,0,0,0,kinch,dotNectar,Bright-Landry Hockey Center,Cambridge,MA,,
0,2026,13B,13,B,MASS,CONN,0,0,0,0,AI,AI,Mullins Center,Amherst,MA,,
0,2026,13B,13,B,ME,NE,0,0,0,0,AI,AI,Harold Alfond Sports Arena,Orono,ME,,
0,2026,13B,13,B,MICH,OREG,0,0,0,0,Spoof,AI,Yost Ice Arena,Ann Arbor,MI,,
0,2026,13B,13,B,MINN,MSU,0,0,0,0,Minnow,AI,Mariucci Arena,Minneapolis,MN,,
0,2026,13B,13,B,MINOT,LIU,0,0,0,0,AI,subsequent,Maysa Arena,Minot,ND,,
0,2026,13B,13,B,MND,STCL,0,0,0,0,TuscanSota,AI,AMSOIL Arena,Duluth,MN,,
0,2026,13B,13,B,MRCY,USAF,0,0,0,0,AI,chaserck,Mercyhurst Ice Center,Erie,PA,,
0,2026,13B,13,B,MRMK,UML,0,0,0,0,AI,AI,J. Thom Lawler Rink,North Andover,MA,,
0,2026,13B,13,B,MTU,BGSU,0,0,0,0,Mightydog135,PoopyRhinoPickle,MacInnes Student Ice Arena,Houghton,MI,,
0,2026,13B,13,B,NMU,LSS,0,0,0,0,Newkbomb,chadbird,Berry Events Center,Marquette,MI,,
0,2026,13B,13,B,OLAF,UAA,0,0,0,0,AI,Kirby,Skoglund Athletic Center,Northfield,MN,,
0,2026,13B,13,B,OSU,ND,0,0,0,0,AI,AI,Value City Arena,Columbus,OH,,
0,2026,13B,13,B,PRIN,STL,0,0,0,0,AI,AI,Hobey Baker Memorial Rink,Princeton,NJ,,
0,2026,13B,13,B,PROV,BU,0,0,0,0,AI,jmjacobs,Schneider Arena,Providence,RI,,
0,2026,13B,13,B,RMU,HC,0,0,0,0,TheLiberator,AI,Clearview Arena,Moon Township,PA,,
0,2026,13B,13,B,RPI,YALE,0,0,0,0,AI,AI,Houston Field House,Troy,NY,,
0,2026,13B,13,B,SHU,RIT,0,0,0,0,AI,AI,Martire Family Arena,Fairfield,CT,,
0,2026,13B,13,B,TNST,STON,0,0,0,0,AI,AI,Gentry Center,Nashville,TN,,
0,2026,13B,13,B,UAH,UNH,0,0,0,0,AI,AI,Von Braun Center,Huntsville,AL,,
0,2026,13B,13,B,UNION,CLRK,0,0,0,0,AI,Matty460,Achilles Rink,Schenectady,NY,,
0,2026,13B,13,B,UNLV,SFU,0,0,0,0,AI,AI,City National Arena,Las Vegas,NV,,
0,2026,13B,13,B,UNO,UND,0,0,0,0,AI,taffyowner,Baxter Arena,Omaha,NE,,
0,2026,13B,13,B,VT,BC,0,0,0,0,AI,AI,Gutterson Fieldhouse,Burlington,VT,,
0,2026,13B,13,B,WISC,PNST,0,0,0,0,bundy,AI,Kohl Center,Madison,WI,,
0,2026,13B,13,B,WMU,MIAO,0,0,0,0,Jieret,AI,Lawson Arena,Kalamazoo,MI,,
0,2026,13B,13,B,ILLI,AIC,0,0,0,0,nemolee.exe,Dr_Novella,Gies Ice Arena,Champaign,IL,,
0,2026,14A,14,A,AIC,PROV,0,0,0,0,Dr_Novella,AI,MassMutual Center,Springfield,MA,,
0,2026,14A,14,A,ARMY,MRCY,0,0,0,0,Zz3DWAFFLEzZ,AI,Tate Rink,West Point,NY,,
0,2026,14A,14,A,ASU,WMU,0,0,0,0,Rabbit,Jieret,Mullett Arena,Tempe,AZ,,
0,2026,14A,14,A,BC,MRMK,0,0,0,0,AI,AI,Conte Forum,Chestnut Hill,MA,,
0,2026,14A,14,A,BGSU,AGUS,0,0,0,0,PoopyRhinoPickle,AI,Slater Family Ice Arena,Bowling Green,OH,,
0,2026,14A,14,A,BING,OLAF,0,0,0,0,AI,AI,Visions Veterans Memorial Arena,Binghamton,NY,,
0,2026,14A,14,A,BRWN,QUIN,0,0,0,0,AI,dotNectar,Meehan Auditorium,Providence,RI,,
0,2026,14A,14,A,BSU,LSS,0,0,0,0,SageBow,chadbird,Sanford Center,Bemidji,MN,,
0,2026,14A,14,A,BU,NE,0,0,0,0,jmjacobs,AI,Agganis Arena,Boston,MA,,
0,2026,14A,14,A,CLRK,RPI,0,0,0,0,Matty460,AI,Cheel Arena,Potsdam,NY,,
0,2026,14A,14,A,CONN,UML,0,0,0,0,AI,AI,Toscano Family Ice Forum,Storrs,CT,,
0,2026,14A,14,A,COR,COLG,0,0,0,0,Coach123,kgreene829,Lynah Rink,Ithaca,NY,,
0,2026,14A,14,A,HC,CANI,0,0,0,0,AI,AI,Hart Center,Worcester,MA,,
0,2026,14A,14,A,LIND,WVU,0,0,0,0,AI,smackemz3,Centene Community Ice Center,St. Charles,MO,,
0,2026,14A,14,A,ME,MASS,0,0,0,0,AI,AI,Harold Alfond Sports Arena,Orono,ME,,
0,2026,14A,14,A,MND,CC,0,0,0,0,TuscanSota,AI,AMSOIL Arena,Duluth,MN,,
0,2026,14A,14,A,MSU,WISC,0,0,0,0,AI,bundy,Munn Ice Arena,East Lansing,MI,,
0,2026,14A,14,A,MTU,FRST,0,0,0,0,Mightydog135,AI,MacInnes Student Ice Arena,Houghton,MI,,
0,2026,14A,14,A,ND,MICH,0,0,0,0,AI,Spoof,Compton Family Ice Arena,South Bend,IN,,
0,2026,14A,14,A,NMU,MNSU,0,0,0,0,Newkbomb,AI,Berry Events Center,Marquette,MI,,
0,2026,14A,14,A,NU,SHU,0,0,0,0,AI,AI,Dwyer Arena,Lewiston,NY,,
0,2026,14A,14,A,OREG,LIU,0,0,0,0,AI,subsequent,The Rink Exchange,Eugene,OR,,
0,2026,14A,14,A,OSU,MINN,0,0,0,0,AI,Minnow,Value City Arena,Columbus,OH,,
0,2026,14A,14,A,PNST,ILLI,0,0,0,0,AI,nemolee.exe,Pegula Ice Arena,State College,PA,,
0,2026,14A,14,A,RMU,BENT,0,0,0,0,TheLiberator,AI,Clearview Arena,Moon Township,PA,,
0,2026,14A,14,A,SFU,TNST,0,0,0,0,AI,AI,Bill Copeland Sports Centre,Vancouver,BC,,
0,2026,14A,14,A,STCL,DU,0,0,0,0,AI,Ricky Campbell,Herb Brooks National Hockey Center,St. Cloud,MN,,
0,2026,14A,14,A,STL,HARV,0,0,0,0,AI,kinch,Appleton Arena,Canton,NY,,
0,2026,14A,14,A,STMN,UNO,0,0,0,0,AI,AI,Lee and Penny Anderson Arena,Saint Paul,MN,,
0,2026,14A,14,A,STON,UAH,0,0,0,0,AI,AI,Bridgewater Ice Arena,Easton,MA,,
0,2026,14A,14,A,UAA,MINOT,0,0,0,0,Kirby,AI,Sullivan Arena,Anchorage,AK,,
0,2026,14A,14,A,UAF,UNLV,0,0,0,0,acewulf,AI,Carlson Center,Fairbanks,AK,,
0,2026,14A,14,A,UND,MIAO,0,0,0,0,taffyowner,AI,Ralph Engelstad Arena,Grand Forks,ND,,
0,2026,14A,14,A,UNION,DART,0,0,0,0,AI,AI,Achilles Rink,Schenectady,NY,,
0,2026,14A,14,A,USAF,RIT,0,0,0,0,chaserck,AI,Cadet Ice Arena,Colorado Springs,CO,,
0,2026,14A,14,A,VT,UNH,0,0,0,0,AI,AI,Gutterson Fieldhouse,Burlington,VT,,
0,2026,14A,14,A,YALE,PRIN,0,0,0,0,AI,AI,Ingalls Rink,New Haven,CT,,
0,2026,14B,14,B,AGUS,BGSU,0,0,0,0,AI,PoopyRhinoPickle,Midco Arena,Sioux Falls,SD,,
0,2026,14B,14,B,BENT,HC,0,0,0,0,AI,AI,Bentley Arena,Waltham,MA,,
0,2026,14B,14,B,BRWN,STL,0,0,0,0,AI,AI,Meehan Auditorium,Providence,RI,,
0,2026,14B,14,B,CC,STCL,0,0,0,0,AI,AI,Ed Robson Arena,Colorado Springs,CO,,
0,2026,14B,14,B,CONN,ME,0,0,0,0,AI,AI,Toscano Family Ice Forum,Storrs,CT,,
0,2026,14B,14,B,DART,CLRK,0,0,0,0,AI,Matty460,Thompson Arena,Hanover,NH,,
0,2026,14B,14,B,FRST,MTU,0,0,0,0,AI,Mightydog135,Ewigleben Arena,Big Rapids,MI,,
0,2026,14B,14,B,HARV,YALE,0,0,0,0,kinch,AI,Bright-Landry Hockey Center,Cambridge,MA,,
0,2026,14B,14,B,ILLI,OREG,0,0,0,0,nemolee.exe,AI,Gies Ice Arena,Champaign,IL,,
0,2026,14B,14,B,LIU,AIC,0,0,0,0,subsequent,Dr_Novella,Islanders Iceworks,Brooklyn,NY,,
0,2026,14B,14,B,LSS,BSU,0,0,0,0,chadbird,SageBow,Taffy Abel Arena,Sault Ste. Marie,MI,,
0,2026,14B,14,B,MASS,MRMK,0,0,0,0,AI,AI,Mullins Center,Amherst,MA,,
0,2026,14B,14,B,MIAO,STMN,0,0,0,0,AI,AI,Goggin Ice Center,Oxford,OH,,
0,2026,14B,14,B,MICH,MINN,0,0,0,0,Spoof,Minnow,Yost Ice Arena,Ann Arbor,MI,,
0,2026,14B,14,B,MINOT,UAA,0,0,0,0,AI,Kirby,Maysa Arena,Minot,ND,,
0,2026,14B,14,B,MNSU,NMU,0,0,0,0,AI,Newkbomb,Mayo Clinic Health System Event Center,Mankato,MN,,
0,2026,14B,14,B,MRCY,CANI,0,0,0,0,AI,AI,Mercyhurst Ice Center,Erie,PA,,
0,2026,14B,14,B,ND,LIND,0,0,0,0,AI,AI,Compton Family Ice Arena,South Bend,IN,,
0,2026,14B,14,B,NE,PROV,0,0,0,0,AI,AI,Matthews Arena,Boston,MA,,
0,2026,14B,14,B,OLAF,BING,0,0,0,0,AI,AI,Skoglund Athletic Center,Northfield,MN,,
0,2026,14B,14,B,PNST,MSU,0,0,0,0,AI,AI,Pegula Ice Arena,State College,PA,,
0,2026,14B,14,B,PRIN,RPI,0,0,0,0,AI,AI,Hobey Baker Memorial Rink,Princeton,NJ,,
0,2026,14B,14,B,QUIN,COLG,0,0,0,0,dotNectar,kgreene829,M&T Bank Arena,Hamden,CT,,
0,2026,14B,14,B,RIT,ARMY,0,0,0,0,AI,Zz3DWAFFLEzZ,Gene Polisseni Center,Rochester,NY,,
0,2026,14B,14,B,SHU,RMU,0,0,0,0,AI,TheLiberator,Martire Family Arena,Fairfield,CT,,
0,2026,14B,14,B,TNST,SFU,0,0,0,0,AI,AI,Gentry Center,Nashville,TN,,
0,2026,14B,14,B,UAH,STON,0,0,0,0,AI,AI,Von Braun Center,Huntsville,AL,,
0,2026,14B,14,B,UML,VT,0,0,0,0,AI,AI,Tsongas Center,Lowell,MA,,
0,2026,14B,14,B,UND,ASU,0,0,0,0,taffyowner,Rabbit,Ralph Engelstad Arena,Grand Forks,ND,,
0,2026,14B,14,B,UNH,BU,0,0,0,0,AI,jmjacobs,Whittemore Center,Durham,NH,,
0,2026,14B,14,B,UNION,COR,0,0,0,0,AI,Coach123,Achilles Rink,Schenectady,NY,,
0,2026,14B,14,B,UNLV,UAF,0,0,0,0,AI,acewulf,City National Arena,Las Vegas,NV,,
0,2026,14B,14,B,UNO,DU,0,0,0,0,AI,Ricky Campbell,Baxter Arena,Omaha,NE,,
0,2026,14B,14,B,USAF,NU,0,0,0,0,chaserck,AI,Cadet Ice Arena,Colorado Springs,CO,,
0,2026,14B,14,B,WISC,OSU,0,0,0,0,bundy,AI,Kohl Center,Madison,WI,,
0,2026,14B,14,B,WMU,MND,0,0,0,0,Jieret,TuscanSota,Lawson Arena,Kalamazoo,MI,,
0,2026,14B,14,B,WVU,BC,0,0,0,0,smackemz3,AI,Wesbanco Arena,Morgantown,WV,,
0,2026,15A,15,A,AGUS,MTU,0,0,0,0,AI,Mightydog135,Midco Arena,Sioux Falls,SD,,
0,2026,15A,15,A,ARMY,NU,0,0,0,0,Zz3DWAFFLEzZ,AI,Tate Rink,West Point,NY,,
0,2026,15A,15,A,BENT,SHU,0,0,0,0,AI,AI,Bentley Arena,Waltham,MA,,
0,2026,15A,15,A,CANI,RIT,0,0,0,0,AI,AI,LECOM Harborcenter,Buffalo,NY,,
0,2026,15A,15,A,CC,WMU,0,0,0,0,AI,Jieret,Ed Robson Arena,Colorado Springs,CO,,
0,2026,15A,15,A,CLRK,PRIN,0,0,0,0,Matty460,AI,Cheel Arena,Potsdam,NY,,
0,2026,15A,15,A,COLG,STL,0,0,0,0,kgreene829,AI,Class of 1965 Arena,Colgate,NY,,
0,2026,15A,15,A,CONN,UAA,0,0,0,0,AI,Kirby,Toscano Family Ice Forum,Storrs,CT,,
0,2026,15A,15,A,COR,DART,0,0,0,0,Coach123,AI,Lynah Rink,Ithaca,NY,,
0,2026,15A,15,A,DU,MIAO,0,0,0,0,Ricky Campbell,AI,Magness Rena,Denver,CO,,
0,2026,15A,15,A,FRST,NMU,0,0,0,0,AI,Newkbomb,Ewigleben Arena,Big Rapids,MI,,
0,2026,15A,15,A,HC,MRCY,0,0,0,0,AI,AI,Hart Center,Worcester,MA,,
0,2026,15A,15,A,LIND,BING,0,0,0,0,AI,AI,Centene Community Ice Center,St. Charles,MO,,
0,2026,15A,15,A,LSS,BGSU,0,0,0,0,chadbird,PoopyRhinoPickle,Taffy Abel Arena,Sault Ste. Marie,MI,,
0,2026,15A,15,A,MASS,BC,0,0,0,0,AI,AI,Mullins Center,Amherst,MA,,
0,2026,15A,15,A,ME,BU,0,0,0,0,AI,jmjacobs,Harold Alfond Sports Arena,Orono,ME,,
0,2026,15A,15,A,MICH,WISC,0,0,0,0,Spoof,bundy,Yost Ice Arena,Ann Arbor,MI,,
0,2026,15A,15,A,MINN,LIU,0,0,0,0,Minnow,subsequent,Mariucci Arena,Minneapolis,MN,,
0,2026,15A,15,A,MND,UND,0,0,0,0,TuscanSota,taffyowner,AMSOIL Arena,Duluth,MN,,
0,2026,15A,15,A,MNSU,BSU,0,0,0,0,AI,SageBow,Mayo Clinic Health System Event Center,Mankato,MN,,
0,2026,15A,15,A,MRMK,UNH,0,0,0,0,AI,AI,J. Thom Lawler Rink,North Andover,MA,,
0,2026,15A,15,A,MSU,ILLI,0,0,0,0,AI,nemolee.exe,Munn Ice Arena,East Lansing,MI,,
0,2026,15A,15,A,ND,OREG,0,0,0,0,AI,AI,Compton Family Ice Arena,South Bend,IN,,
0,2026,15A,15,A,NE,UML,0,0,0,0,AI,AI,Matthews Arena,Boston,MA,,
0,2026,15A,15,A,OLAF,UAH,0,0,0,0,AI,AI,Skoglund Athletic Center,Northfield,MN,,
0,2026,15A,15,A,OSU,PNST,0,0,0,0,AI,AI,Value City Arena,Columbus,OH,,
0,2026,15A,15,A,PROV,VT,0,0,0,0,AI,AI,Schneider Arena,Providence,RI,,
0,2026,15A,15,A,RMU,USAF,0,0,0,0,TheLiberator,chaserck,Clearview Arena,Moon Township,PA,,
0,2026,15A,15,A,RPI,HARV,0,0,0,0,AI,kinch,Houston Field House,Troy,NY,,
0,2026,15A,15,A,SFU,MINOT,0,0,0,0,AI,AI,Bill Copeland Sports Centre,Vancouver,BC,,
0,2026,15A,15,A,STCL,UNO,0,0,0,0,AI,AI,Herb Brooks National Hockey Center,St. Cloud,MN,,
0,2026,15A,15,A,STMN,ASU,0,0,0,0,AI,Rabbit,Lee and Penny Anderson Arena,Saint Paul,MN,,
0,2026,15A,15,A,UAF,TNST,0,0,0,0,acewulf,AI,Carlson Center,Fairbanks,AK,,
0,2026,15A,15,A,UNION,QUIN,0,0,0,0,AI,dotNectar,Achilles Rink,Schenectady,NY,,
0,2026,15A,15,A,UNLV,AIC,0,0,0,0,AI,Dr_Novella,City National Arena,Las Vegas,NV,,
0,2026,15A,15,A,WVU,STON,0,0,0,0,smackemz3,AI,Wesbanco Arena,Morgantown,WV,,
0,2026,15A,15,A,YALE,BRWN,0,0,0,0,AI,AI,Ingalls Rink,New Haven,CT,,
0,2026,15B,15,B,AIC,UNLV,0,0,0,0,Dr_Novella,AI,MassMutual Center,Springfield,MA,,
0,2026,15B,15,B,ARMY,RMU,0,0,0,0,Zz3DWAFFLEzZ,TheLiberator,Tate Rink,West Point,NY,,
0,2026,15B,15,B,ASU,DU,0,0,0,0,Rabbit,Ricky Campbell,Mullett Arena,Tempe,AZ,,
0,2026,15B,15,B,BC,NE,0,0,0,0,AI,AI,Conte Forum,Chestnut Hill,MA,,
0,2026,15B,15,B,BGSU,LSS,0,0,0,0,PoopyRhinoPickle,chadbird,Slater Family Ice Arena,Bowling Green,OH,,
0,2026,15B,15,B,BING,LIND,0,0,0,0,AI,AI,Visions Veterans Memorial Arena,Binghamton,NY,,
0,2026,15B,15,B,BRWN,RPI,0,0,0,0,AI,AI,Meehan Auditorium,Providence,RI,,
0,2026,15B,15,B,BSU,MNSU,0,0,0,0,SageBow,AI,Sanford Center,Bemidji,MN,,
0,2026,15B,15,B,BU,CONN,0,0,0,0,jmjacobs,AI,Agganis Arena,Boston,MA,,
0,2026,15B,15,B,COLG,YALE,0,0,0,0,kgreene829,AI,Class of 1965 Arena,Colgate,NY,,
0,2026,15B,15,B,COR,CLRK,0,0,0,0,Coach123,Matty460,Lynah Rink,Ithaca,NY,,
0,2026,15B,15,B,HARV,PRIN,0,0,0,0,kinch,AI,Bright-Landry Hockey Center,Cambridge,MA,,
0,2026,15B,15,B,ILLI,ND,0,0,0,0,nemolee.exe,AI,Gies Ice Arena,Champaign,IL,,
0,2026,15B,15,B,MIAO,UNO,0,0,0,0,AI,AI,Goggin Ice Center,Oxford,OH,,
0,2026,15B,15,B,MINOT,STON,0,0,0,0,AI,AI,Maysa Arena,Minot,ND,,
0,2026,15B,15,B,MRMK,SFU,0,0,0,0,AI,AI,J. Thom Lawler Rink,North Andover,MA,,
0,2026,15B,15,B,MSU,OSU,0,0,0,0,AI,AI,Munn Ice Arena,East Lansing,MI,,
0,2026,15B,15,B,MTU,AGUS,0,0,0,0,Mightydog135,AI,MacInnes Student Ice Arena,Houghton,MI,,
0,2026,15B,15,B,NMU,FRST,0,0,0,0,Newkbomb,AI,Berry Events Center,Marquette,MI,,
0,2026,15B,15,B,NU,CANI,0,0,0,0,AI,AI,Dwyer Arena,Lewiston,NY,,
0,2026,15B,15,B,OLAF,LIU,0,0,0,0,AI,subsequent,Skoglund Athletic Center,Northfield,MN,,
0,2026,15B,15,B,OREG,MINN,0,0,0,0,AI,Minnow,The Rink Exchange,Eugene,OR,,
0,2026,15B,15,B,PNST,MICH,0,0,0,0,AI,Spoof,Pegula Ice Arena,State College,PA,,
0,2026,15B,15,B,QUIN,DART,0,0,0,0,dotNectar,AI,M&T Bank Arena,Hamden,CT,,
0,2026,15B,15,B,RIT,MRCY,0,0,0,0,AI,AI,Gene Polisseni Center,Rochester,NY,,
0,2026,15B,15,B,SHU,HC,0,0,0,0,AI,AI,Martire Family Arena,Fairfield,CT,,
0,2026,15B,15,B,STL,UNION,0,0,0,0,AI,AI,Appleton Arena,Canton,NY,,
0,2026,15B,15,B,STMN,MND,0,0,0,0,AI,TuscanSota,Lee and Penny Anderson Arena,Saint Paul,MN,,
0,2026,15B,15,B,TNST,UAF,0,0,0,0,AI,acewulf,Gentry Center,Nashville,TN,,
0,2026,15B,15,B,UAA,UAH,0,0,0,0,Kirby,AI,Sullivan Arena,Anchorage,AK,,
0,2026,15B,15,B,UML,MASS,0,0,0,0,AI,AI,Tsongas Center,Lowell,MA,,
0,2026,15B,15,B,UND,CC,0,0,0,0,taffyowner,AI,Ralph Engelstad Arena,Grand Forks,ND,,
0,2026,15B,15,B,UNH,PROV,0,0,0,0,AI,AI,Whittemore Center,Durham,NH,,
0,2026,15B,15,B,USAF,BENT,0,0,0,0,chaserck,AI,Cadet Ice Arena,Colorado Springs,CO,,
0,2026,15B,15,B,VT,ME,0,0,0,0,AI,AI,Gutterson Fieldhouse,Burlington,VT,,
0,2026,15B,15,B,WMU,STCL,0,0,0,0,Jieret,AI,Lawson Arena,Kalamazoo,MI,,
0,2026,15B,15,B,WVU,WISC,0,0,0,0,smackemz3,bundy,Wesbanco Arena,Morgantown,WV,,
0,2026,16A,16,A,AGUS,LSS,0,0,0,0,AI,chadbird,Midco Arena,Sioux Falls,SD,,
0,2026,16A,16,A,AIC,MASS,0,0,0,0,Dr_Novella,AI,MassMutual Center,Springfield,MA,,
0,2026,16A,16,A,BC,VT,0,0,0,0,AI,AI,Conte Forum,Chestnut Hill,MA,,
0,2026,16A,16,A,BENT,ARMY,0,0,0,0,AI,Zz3DWAFFLEzZ,Bentley Arena,Waltham,MA,,
0,2026,16A,16,A,BGSU,MNSU,0,0,0,0,PoopyRhinoPickle,AI,Slater Family Ice Arena,Bowling Green,OH,,
0,2026,16A,16,A,BSU,FRST,0,0,0,0,SageBow,AI,Sanford Center,Bemidji,MN,,
0,2026,16A,16,A,BU,UNH,0,0,0,0,jmjacobs,AI,Agganis Arena,Boston,MA,,
0,2026,16A,16,A,CANI,RMU,0,0,0,0,AI,TheLiberator,LECOM Harborcenter,Buffalo,NY,,
0,2026,16A,16,A,CC,STMN,0,0,0,0,AI,AI,Ed Robson Arena,Colorado Springs,CO,,
0,2026,16A,16,A,CLRK,HARV,0,0,0,0,Matty460,kinch,Cheel Arena,Potsdam,NY,,
0,2026,16A,16,A,CONN,PROV,0,0,0,0,AI,AI,Toscano Family Ice Forum,Storrs,CT,,
0,2026,16A,16,A,COR,QUIN,0,0,0,0,Coach123,dotNectar,Lynah Rink,Ithaca,NY,,
0,2026,16A,16,A,DART,STL,0,0,0,0,AI,AI,Thompson Arena,Hanover,NH,,
0,2026,16A,16,A,DU,MND,0,0,0,0,Ricky Campbell,TuscanSota,Magness Rena,Denver,CO,,
0,2026,16A,16,A,HC,RIT,0,0,0,0,AI,AI,Hart Center,Worcester,MA,,
0,2026,16A,16,A,LIND,SFU,0,0,0,0,AI,AI,Centene Community Ice Center,St. Charles,MO,,
0,2026,16A,16,A,LIU,OLAF,0,0,0,0,subsequent,AI,Islanders Iceworks,Brooklyn,NY,,
0,2026,16A,16,A,ME,MRMK,0,0,0,0,AI,AI,Harold Alfond Sports Arena,Orono,ME,,
0,2026,16A,16,A,MICH,MSU,0,0,0,0,Spoof,AI,Yost Ice Arena,Ann Arbor,MI,,
0,2026,16A,16,A,MINN,ND,0,0,0,0,Minnow,AI,Mariucci Arena,Minneapolis,MN,,
0,2026,16A,16,A,MRCY,NU,0,0,0,0,AI,AI,Mercyhurst Ice Center,Erie,PA,,
0,2026,16A,16,A,MTU,NMU,0,0,0,0,Mightydog135,Newkbomb,MacInnes Student Ice Arena,Houghton,MI,,
0,2026,16A,16,A,OSU,ILLI,0,0,0,0,AI,nemolee.exe,Value City Arena,Columbus,OH,,
0,2026,16A,16,A,PRIN,BRWN,0,0,0,0,AI,AI,Hobey Baker Memorial Rink,Princeton,NJ,,
0,2026,16A,16,A,RPI,COLG,0,0,0,0,AI,kgreene829,Houston Field House,Troy,NY,,
0,2026,16A,16,A,SHU,USAF,0,0,0,0,AI,chaserck,Martire Family Arena,Fairfield,CT,,
0,2026,16A,16,A,STCL,MIAO,0,0,0,0,AI,AI,Herb Brooks National Hockey Center,St. Cloud,MN,,
0,2026,16A,16,A,STON,UNLV,0,0,0,0,AI,AI,Bridgewater Ice Arena,Easton,MA,,
0,2026,16A,16,A,TNST,PNST,0,0,0,0,AI,AI,Gentry Center,Nashville,TN,,
0,2026,16A,16,A,UAA,WVU,0,0,0,0,Kirby,smackemz3,Sullivan Arena,Anchorage,AK,,
0,2026,16A,16,A,UAF,MINOT,0,0,0,0,acewulf,AI,Carlson Center,Fairbanks,AK,,
0,2026,16A,16,A,UAH,BING,0,0,0,0,AI,AI,Von Braun Center,Huntsville,AL,,
0,2026,16A,16,A,UML,NE,0,0,0,0,AI,AI,Tsongas Center,Lowell,MA,,
0,2026,16A,16,A,UNION,YALE,0,0,0,0,AI,AI,Achilles Rink,Schenectady,NY,,
0,2026,16A,16,A,UNO,ASU,0,0,0,0,AI,Rabbit,Baxter Arena,Omaha,NE,,
0,2026,16A,16,A,WISC,OREG,0,0,0,0,bundy,AI,Kohl Center,Madison,WI,,
0,2026,16A,16,A,WMU,UND,0,0,0,0,Jieret,taffyowner,Lawson Arena,Kalamazoo,MI,,
0,2026,16B,16,B,AIC,BU,0,0,0,0,Dr_Novella,jmjacobs,MassMutual Center,Springfield,MA,,
0,2026,16B,16,B,ARMY,SHU,0,0,0,0,Zz3DWAFFLEzZ,AI,Tate Rink,West Point,NY,,
0,2026,16B,16,B,ASU,MIAO,0,0,0,0,Rabbit,AI,Mullett Arena,Tempe,AZ,,
0,2026,16B,16,B,BC,MASS,0,0,0,0,AI,AI,Conte Forum,Chestnut Hill,MA,,
0,2026,16B,16,B,BING,UAH,0,0,0,0,AI,AI,Visions Veterans Memorial Arena,Binghamton,NY,,
0,2026,16B,16,B,BRWN,HARV,0,0,0,0,AI,kinch,Meehan Auditorium,Providence,RI,,
0,2026,16B,16,B,CANI,BENT,0,0,0,0,AI,AI,LECOM Harborcenter,Buffalo,NY,,
0,2026,16B,16,B,COLG,PRIN,0,0,0,0,kgreene829,AI,Class of 1965 Arena,Colgate,NY,,
0,2026,16B,16,B,DU,CC,0,0,0,0,Ricky Campbell,AI,Magness Rena,Denver,CO,,
0,2026,16B,16,B,FRST,BSU,0,0,0,0,AI,SageBow,Ewigleben Arena,Big Rapids,MI,,
0,2026,16B,16,B,ILLI,MINN,0,0,0,0,nemolee.exe,Minnow,Gies Ice Arena,Champaign,IL,,
0,2026,16B,16,B,LSS,AGUS,0,0,0,0,chadbird,AI,Taffy Abel Arena,Sault Ste. Marie,MI,,
0,2026,16B,16,B,MINOT,UAF,0,0,0,0,AI,acewulf,Maysa Arena,Minot,ND,,
0,2026,16B,16,B,MND,UNO,0,0,0,0,TuscanSota,AI,AMSOIL Arena,Duluth,MN,,
0,2026,16B,16,B,MNSU,BGSU,0,0,0,0,AI,PoopyRhinoPickle,Mayo Clinic Health System Event Center,Mankato,MN,,
0,2026,16B,16,B,MRMK,NE,0,0,0,0,AI,AI,J. Thom Lawler Rink,North Andover,MA,,
0,2026,16B,16,B,MSU,TNST,0,0,0,0,AI,AI,Munn Ice Arena,East Lansing,MI,,
0,2026,16B,16,B,ND,WISC,0,0,0,0,AI,bundy,Compton Family Ice Arena,South Bend,IN,,
0,2026,16B,16,B,NMU,MTU,0,0,0,0,Newkbomb,Mightydog135,Berry Events Center,Marquette,MI,,
0,2026,16B,16,B,NU,RIT,0,0,0,0,AI,AI,Dwyer Arena,Lewiston,NY,,
0,2026,16B,16,B,OLAF,LIU,0,0,0,0,AI,subsequent,Skoglund Athletic Center,Northfield,MN,,
0,2026,16B,16,B,OREG,PNST,0,0,0,0,AI,AI,The Rink Exchange,Eugene,OR,,
0,2026,16B,16,B,OSU,MICH,0,0,0,0,AI,Spoof,Value City Arena,Columbus,OH,,
0,2026,16B,16,B,PROV,ME,0,0,0,0,AI,AI,Schneider Arena,Providence,RI,,
0,2026,16B,16,B,QUIN,CLRK,0,0,0,0,dotNectar,Matty460,M&T Bank Arena,Hamden,CT,,
0,2026,16B,16,B,RMU,MRCY,0,0,0,0,TheLiberator,AI,Clearview Arena,Moon Township,PA,,
0,2026,16B,16,B,SFU,LIND,0,0,0,0,AI,AI,Bill Copeland Sports Centre,Vancouver,BC,,
0,2026,16B,16,B,STL,COR,0,0,0,0,AI,Coach123,Appleton Arena,Canton,NY,,
0,2026,16B,16,B,STMN,WMU,0,0,0,0,AI,Jieret,Lee and Penny Anderson Arena,Saint Paul,MN,,
0,2026,16B,16,B,UND,STCL,0,0,0,0,taffyowner,AI,Ralph Engelstad Arena,Grand Forks,ND,,
0,2026,16B,16,B,UNH,CONN,0,0,0,0,AI,AI,Whittemore Center,Durham,NH,,
0,2026,16B,16,B,UNION,RPI,0,0,0,0,AI,AI,Achilles Rink,Schenectady,NY,,
0,2026,16B,16,B,UNLV,STON,0,0,0,0,AI,AI,City National Arena,Las Vegas,NV,,
0,2026,16B,16,B,USAF,HC,0,0,0,0,chaserck,AI,Cadet Ice Arena,Colorado Springs,CO,,
0,2026,16B,16,B,VT,UML,0,0,0,0,AI,AI,Gutterson Fieldhouse,Burlington,VT,,
0,2026,16B,16,B,WVU,UAA,0,0,0,0,smackemz3,Kirby,Wesbanco Arena,Morgantown,WV,,
0,2026,16B,16,B,YALE,DART,0,0,0,0,AI,AI,Ingalls Rink,New Haven,CT,,
0,2026,17A,17,A,AGUS,MNSU,0,0,0,0,AI,AI,Midco Arena,Sioux Falls,SD,,
0,2026,17A,17,A,AIC,SFU,0,0,0,0,Dr_Novella,AI,MassMutual Center,Springfield,MA,,
0,2026,17A,17,A,BGSU,FRST,0,0,0,0,PoopyRhinoPickle,AI,Slater Family Ice Arena,Bowling Green,OH,,
0,2026,17A,17,A,BSU,NMU,0,0,0,0,SageBow,Newkbomb,Sanford Center,Bemidji,MN,,
0,2026,17A,17,A,CLRK,BRWN,0,0,0,0,Matty460,AI,Cheel Arena,Potsdam,NY,,
0,2026,17A,17,A,COR,YALE,0,0,0,0,Coach123,AI,Lynah Rink,Ithaca,NY,,
0,2026,17A,17,A,DART,RPI,0,0,0,0,AI,AI,Thompson Arena,Hanover,NH,,
0,2026,17A,17,A,HARV,COLG,0,0,0,0,kinch,kgreene829,Bright-Landry Hockey Center,Cambridge,MA,,
0,2026,17A,17,A,HC,NU,0,0,0,0,AI,AI,Hart Center,Worcester,MA,,
0,2026,17A,17,A,LIU,WVU,0,0,0,0,subsequent,smackemz3,Islanders Iceworks,Brooklyn,NY,,
0,2026,17A,17,A,MASS,PROV,0,0,0,0,AI,AI,Mullins Center,Amherst,MA,,
0,2026,17A,17,A,MIAO,MND,0,0,0,0,AI,TuscanSota,Goggin Ice Center,Oxford,OH,,
0,2026,17A,17,A,MICH,ILLI,0,0,0,0,Spoof,nemolee.exe,Yost Ice Arena,Ann Arbor,MI,,
0,2026,17A,17,A,MRCY,BENT,0,0,0,0,AI,AI,Mercyhurst Ice Center,Erie,PA,,
0,2026,17A,17,A,MRMK,BC,0,0,0,0,AI,AI,J. Thom Lawler Rink,North Andover,MA,,
0,2026,17A,17,A,MTU,LSS,0,0,0,0,Mightydog135,chadbird,MacInnes Student Ice Arena,Houghton,MI,,
0,2026,17A,17,A,NE,CONN,0,0,0,0,AI,AI,Matthews Arena,Boston,MA,,
0,2026,17A,17,A,OLAF,LIND,0,0,0,0,AI,AI,Skoglund Athletic Center,Northfield,MN,,
0,2026,17A,17,A,OREG,MSU,0,0,0,0,AI,AI,The Rink Exchange,Eugene,OR,,
0,2026,17A,17,A,PNST,ND,0,0,0,0,AI,AI,Pegula Ice Arena,State College,PA,,
0,2026,17A,17,A,PRIN,UNION,0,0,0,0,AI,AI,Hobey Baker Memorial Rink,Princeton,NJ,,
0,2026,17A,17,A,QUIN,STL,0,0,0,0,dotNectar,AI,M&T Bank Arena,Hamden,CT,,
0,2026,17A,17,A,RIT,RMU,0,0,0,0,AI,TheLiberator,Gene Polisseni Center,Rochester,NY,,
0,2026,17A,17,A,SHU,CANI,0,0,0,0,AI,AI,Martire Family Arena,Fairfield,CT,,
0,2026,17A,17,A,STCL,ASU,0,0,0,0,AI,Rabbit,Herb Brooks National Hockey Center,St. Cloud,MN,,
0,2026,17A,17,A,STON,OSU,0,0,0,0,AI,AI,Bridgewater Ice Arena,Easton,MA,,
0,2026,17A,17,A,TNST,BING,0,0,0,0,AI,AI,Gentry Center,Nashville,TN,,
0,2026,17A,17,A,UAA,UAF,0,0,0,0,Kirby,acewulf,Sullivan Arena,Anchorage,AK,,
0,2026,17A,17,A,UAH,MINOT,0,0,0,0,AI,AI,Von Braun Center,Huntsville,AL,,
0,2026,17A,17,A,UML,BU,0,0,0,0,AI,jmjacobs,Tsongas Center,Lowell,MA,,
0,2026,17A,17,A,UND,STMN,0,0,0,0,taffyowner,AI,Ralph Engelstad Arena,Grand Forks,ND,,
0,2026,17A,17,A,UNH,ME,0,0,0,0,AI,AI,Whittemore Center,Durham,NH,,
0,2026,17A,17,A,UNO,CC,0,0,0,0,AI,AI,Baxter Arena,Omaha,NE,,
0,2026,17A,17,A,USAF,ARMY,0,0,0,0,chaserck,Zz3DWAFFLEzZ,Cadet Ice Arena,Colorado Springs,CO,,
0,2026,17A,17,A,VT,UNLV,0,0,0,0,AI,AI,Gutterson Fieldhouse,Burlington,VT,,
0,2026,17A,17,A,WISC,MINN,0,0,0,0,bundy,Minnow,Kohl Center,Madison,WI,,
0,2026,17A,17,A,WMU,DU,0,0,0,0,Jieret,Ricky Campbell,Lawson Arena,Kalamazoo,MI,,
0,2026,17B,17,B,ARMY,HC,0,0,0,0,Zz3DWAFFLEzZ,AI,Tate Rink,West Point,NY,,
0,2026,17B,17,B,BENT,RIT,0,0,0,0,AI,AI,Bentley Arena,Waltham,MA,,
0,2026,17B,17,B,BU,MRMK,0,0,0,0,jmjacobs,AI,Agganis Arena,Boston,MA,,
0,2026,17B,17,B,CANI,USAF,0,0,0,0,AI,chaserck,LECOM Harborcenter,Buffalo,NY,,
0,2026,17B,17,B,CC,MIAO,0,0,0,0,AI,AI,Ed Robson Arena,Colorado Springs,CO,,
0,2026,17B,17,B,COLG,BRWN,0,0,0,0,kgreene829,AI,Class of 1965 Arena,Colgate,NY,,
0,2026,17B,17,B,DART,PRIN,0,0,0,0,AI,AI,Thompson Arena,Hanover,NH,,
0,2026,17B,17,B,DU,UND,0,0,0,0,Ricky Campbell,taffyowner,Magness Rena,Denver,CO,,
0,2026,17B,17,B,FRST,BGSU,0,0,0,0,AI,PoopyRhinoPickle,Ewigleben Arena,Big Rapids,MI,,
0,2026,17B,17,B,ILLI,WISC,0,0,0,0,nemolee.exe,bundy,Gies Ice Arena,Champaign,IL,,
0,2026,17B,17,B,LSS,MTU,0,0,0,0,chadbird,Mightydog135,Taffy Abel Arena,Sault Ste. Marie,MI,,
0,2026,17B,17,B,MASS,UNH,0,0,0,0,AI,AI,Mullins Center,Amherst,MA,,
0,2026,17B,17,B,ME,VT,0,0,0,0,AI,AI,Harold Alfond Sports Arena,Orono,ME,,
0,2026,17B,17,B,MICH,LIND,0,0,0,0,Spoof,AI,Yost Ice Arena,Ann Arbor,MI,,
0,2026,17B,17,B,MINN,PNST,0,0,0,0,Minnow,AI,Mariucci Arena,Minneapolis,MN,,
0,2026,17B,17,B,MND,ASU,0,0,0,0,TuscanSota,Rabbit,AMSOIL Arena,Duluth,MN,,
0,2026,17B,17,B,MNSU,AGUS,0,0,0,0,AI,AI,Mayo Clinic Health System Event Center,Mankato,MN,,
0,2026,17B,17,B,MRCY,SHU,0,0,0,0,AI,AI,Mercyhurst Ice Center,Erie,PA,,
0,2026,17B,17,B,ND,MSU,0,0,0,0,AI,AI,Compton Family Ice Arena,South Bend,IN,,
0,2026,17B,17,B,NE,MINOT,0,0,0,0,AI,AI,Matthews Arena,Boston,MA,,
0,2026,17B,17,B,NMU,BSU,0,0,0,0,Newkbomb,SageBow,Berry Events Center,Marquette,MI,,
0,2026,17B,17,B,OSU,OREG,0,0,0,0,AI,AI,Value City Arena,Columbus,OH,,
0,2026,17B,17,B,PROV,BC,0,0,0,0,AI,AI,Schneider Arena,Providence,RI,,
0,2026,17B,17,B,RMU,NU,0,0,0,0,TheLiberator,AI,Clearview Arena,Moon Township,PA,,
0,2026,17B,17,B,RPI,COR,0,0,0,0,AI,Coach123,Houston Field House,Troy,NY,,
0,2026,17B,17,B,SFU,AIC,0,0,0,0,AI,Dr_Novella,Bill Copeland Sports Centre,Vancouver,BC,,
0,2026,17B,17,B,STL,CLRK,0,0,0,0,AI,Matty460,Appleton Arena,Canton,NY,,
0,2026,17B,17,B,STMN,STCL,0,0,0,0,AI,AI,Lee and Penny Anderson Arena,Saint Paul,MN,,
0,2026,17B,17,B,STON,BING,0,0,0,0,AI,AI,Bridgewater Ice Arena,Easton,MA,,
0,2026,17B,17,B,UAF,UAA,0,0,0,0,acewulf,Kirby,Carlson Center,Fairbanks,AK,,
0,2026,17B,17,B,UAH,OLAF,0,0,0,0,AI,AI,Von Braun Center,Huntsville,AL,,
0,2026,17B,17,B,UML,CONN,0,0,0,0,AI,AI,Tsongas Center,Lowell,MA,,
0,2026,17B,17,B,UNION,HARV,0,0,0,0,AI,kinch,Achilles Rink,Schenectady,NY,,
0,2026,17B,17,B,UNLV,TNST,0,0,0,0,AI,AI,City National Arena,Las Vegas,NV,,
0,2026,17B,17,B,UNO,WMU,0,0,0,0,AI,Jieret,Baxter Arena,Omaha,NE,,
0,2026,17B,17,B,WVU,LIU,0,0,0,0,smackemz3,subsequent,Wesbanco Arena,Morgantown,WV,,
0,2026,17B,17,B,YALE,QUIN,0,0,0,0,AI,dotNectar,Ingalls Rink,New Haven,CT,,